Date,BIL,TIP,IEI
2022-09-01,78.43719482421875,101.8560791015625,106.19216918945312
2022-09-02,78.44576263427734,102.45833587646484,106.67185974121094
2022-09-06,78.44576263427734,101.48191833496094,106.02923583984375
2022-09-07,78.454345703125,101.90170288085938,106.47272491455078
2022-09-08,78.47151184082031,101.33592987060547,106.19216918945312
2022-09-09,78.47151184082031,101.38154602050781,106.11976623535156
2022-09-12,78.46292114257812,101.08040618896484,106.06547546386719
2022-09-13,78.48007202148438,100.7792739868164,105.46808624267578
2022-09-14,78.48007202148438,101.03478240966797,105.3685302734375
2022-09-15,78.50582885742188,100.5237808227539,105.10609436035156
2022-09-16,78.50582885742188,100.1040267944336,105.26898956298828
2022-09-19,78.50582885742188,99.64776611328125,105.04273223876953
2022-09-20,78.49724578857422,99.4926528930664,104.7440414428711
2022-09-21,78.514404296875,99.68426513671875,104.79833221435547
2022-09-22,78.5487060546875,98.552734375,103.94760131835938
2022-09-23,78.5487060546875,98.13296508789062,103.77562713623047
2022-09-26,78.53155517578125,96.56342315673828,102.87055206298828
2022-09-27,78.55729675292969,96.05240631103516,102.5899658203125
2022-09-28,78.56586456298828,97.74971008300781,103.99283599853516
2022-09-29,78.5830307006836,96.38090515136719,103.67607116699219
2022-09-30,78.5830307006836,95.72390747070312,103.43170166015625
2022-10-03,78.56155395507812,96.955810546875,104.14046478271484
2022-10-04,78.58732604980469,97.33905792236328,104.33988189697266
2022-10-05,78.58732604980469,96.5725326538086,103.82323455810547
2022-10-06,78.60452270507812,96.253173828125,103.46975708007812
2022-10-07,78.60452270507812,96.280517578125,103.09817504882812
2022-10-10,78.61309814453125,95.73303985595703,102.87156677246094
2022-10-11,78.61309814453125,96.280517578125,102.98941040039062
2022-10-12,78.61309814453125,96.47217559814453,103.24317169189453
2022-10-13,78.63888549804688,96.36267852783203,102.77188110351562
2022-10-14,78.63888549804688,96.4448013305664,102.5090103149414
2022-10-17,78.63888549804688,96.70941925048828,102.67213439941406
2022-10-18,78.63888549804688,96.45391845703125,102.83531188964844
2022-10-19,78.63888549804688,95.96116638183594,102.23712921142578
2022-10-20,78.67325592041016,95.86988830566406,101.81112670898438
2022-10-21,78.68184661865234,96.11629486083984,102.26432037353516
2022-10-24,78.67325592041016,96.34444427490234,102.24622344970703
2022-10-25,78.67325592041016,96.73680114746094,102.7990493774414
2022-10-26,78.69044494628906,96.59078216552734,103.04377746582031
2022-10-27,78.71621704101562,97.33905792236328,103.58759307861328
2022-10-28,78.70764923095703,97.22042846679688,103.16158294677734
2022-10-31,78.70764923095703,97.08356475830078,102.90780639648438
2022-11-01,78.71452331542969,97.06529235839844,102.76531982421875
2022-11-02,78.74038696289062,96.8462905883789,102.67452239990234
2022-11-03,78.76619720458984,95.76952362060547,102.34774017333984
2022-11-04,78.78345489501953,96.12540435791016,102.429443359375
2022-11-07,78.77479553222656,96.24404907226562,102.22068786621094
2022-11-08,78.78345489501953,96.38090515136719,102.58372497558594
2022-11-09,78.82647705078125,96.1801528930664,102.90147399902344
2022-11-10,78.83511352539062,97.77710723876953,104.38107299804688
2022-11-11,78.82647705078125,97.72233581542969,104.25401306152344
2022-11-14,78.82647705078125,97.00144958496094,104.09058380126953
2022-11-15,78.8437271118164,97.6310806274414,104.55355834960938
2022-11-16,78.85232543945312,97.87747955322266,104.87127685546875
2022-11-17,78.878173828125,97.21134185791016,104.45369720458984
2022-11-18,78.878173828125,96.71855163574219,104.18138885498047
2022-11-21,78.88677978515625,97.22956848144531,104.14509582519531
2022-11-22,78.90401458740234,97.62196350097656,104.33570098876953
2022-11-23,78.9212417602539,98.16032409667969,104.64432525634766
2022-11-25,78.9212417602539,98.06909942626953,104.66249084472656
2022-11-28,78.92987823486328,97.84095764160156,104.67155456542969
2022-11-29,78.95569610595703,97.42119598388672,104.5081558227539
2022-11-30,78.95569610595703,98.86298370361328,105.21621704101562
2022-12-01,78.97297668457031,99.92371368408203,105.8553695678711
2022-12-02,78.98161315917969,100.66377258300781,105.94628143310547
2022-12-05,78.990234375,99.63133239746094,105.20983123779297
2022-12-06,79.01615142822266,99.61308288574219,105.51896667480469
2022-12-07,79.01615142822266,100.04248809814453,106.11901092529297
2022-12-08,79.06798553466797,100.01507568359375,105.72806549072266
2022-12-09,79.0593490600586,99.06491088867188,105.40985870361328
2022-12-12,79.06798553466797,99.07402801513672,105.3371353149414
2022-12-13,79.06798553466797,99.36638641357422,105.95536804199219
2022-12-14,79.09391021728516,99.1197280883789,106.15538024902344
2022-12-15,79.11116027832031,99.13714599609375,106.1754379272461
2022-12-16,79.11116027832031,98.60551452636719,106.15719604492188
2022-12-19,79.12069702148438,98.26636505126953,105.74739837646484
2022-12-20,79.12935638427734,98.23888397216797,105.41046142578125
2022-12-21,79.13803100585938,98.77050018310547,105.50154876708984
2022-12-22,79.19001770019531,98.22970581054688,105.42865753173828
2022-12-23,79.19001770019531,98.00973510742188,105.23741149902344
2022-12-27,79.19001770019531,97.56060791015625,104.74563598632812
2022-12-28,79.21599578857422,97.45062255859375,104.67280578613281
2022-12-29,79.25064086914062,97.85392761230469,104.86404418945312
2022-12-30,79.24201202392578,97.56060791015625,104.62727355957031
2023-01-03,79.25064086914062,97.9089126586914,104.93690490722656
2023-01-04,79.24201202392578,97.97308349609375,105.34671783447266
2023-01-05,79.26799774169922,98.0005874633789,105.17366027832031
2023-01-06,79.25931549072266,98.89881896972656,106.08434295654297
2023-01-09,79.2766342163086,99.12796020507812,106.27558898925781
2023-01-10,79.26799774169922,98.72465515136719,106.04792785644531
2023-01-11,79.26799774169922,99.14629364013672,106.36668395996094
2023-01-12,79.32862091064453,99.92538452148438,107.0041275024414
2023-01-13,79.33728790283203,99.14629364013672,106.66717529296875
2023-01-17,79.33728790283203,98.8621597290039,106.61255645751953
2023-01-18,79.34596252441406,99.5404052734375,107.44124603271484
2023-01-19,79.3805923461914,100.15451049804688,107.27732849121094
2023-01-20,79.38926696777344,99.58625030517578,106.8857421875
2023-01-23,79.38926696777344,99.49457550048828,106.62164306640625
2023-01-24,79.39791870117188,100.06287384033203,106.8857421875
2023-01-25,79.4065933227539,100.26449584960938,106.9949951171875
2023-01-26,79.44989776611328,100.2553482055664,106.76736450195312
2023-01-27,79.45856475830078,100.03539276123047,106.67626953125
2023-01-30,79.45856475830078,99.54960632324219,106.42131042480469
2023-01-31,79.46723937988281,99.58625030517578,106.82200622558594
2023-02-01,79.47242736816406,100.2553482055664,107.37926483154297
2023-02-02,79.50723266601562,100.11785888671875,107.36101531982422
2023-02-03,79.52462005615234,99.1829605102539,106.54925537109375
2023-02-06,79.53333282470703,98.78883361816406,105.8013687133789
2023-02-07,79.54199981689453,99.04544830322266,105.76488494873047
2023-02-08,79.54199981689453,99.55875396728516,105.94730377197266
2023-02-09,79.56807708740234,99.05462646484375,105.65543365478516
2023-02-10,79.5767822265625,98.69717407226562,105.39093017578125
2023-02-13,79.59416961669922,98.8621597290039,105.4730224609375
2023-02-14,79.59416961669922,98.53218841552734,105.02610778808594
2023-02-15,79.61155700683594,98.53218841552734,104.95314025878906
2023-02-16,79.6550521850586,98.29386901855469,104.8254623413086
2023-02-17,79.66374206542969,98.48634338378906,105.02610778808594
2023-02-21,79.66374206542969,98.0464096069336,104.3694076538086
2023-02-22,79.6898193359375,97.99140167236328,104.46974182128906
2023-02-23,79.71590423583984,98.31219482421875,104.67041778564453
2023-02-24,79.72460174560547,97.67060852050781,104.1869888305664
2023-02-27,79.7332763671875,97.87224578857422,104.38762664794922
2023-02-28,79.74200439453125,98.23888397216797,104.43325805664062
2023-03-01,79.74634552001953,97.87224578857422,103.96000671386719
2023-03-02,79.77252197265625,97.94557189941406,103.76814270019531
2023-03-03,79.78994750976562,98.99964904785156,104.11532592773438
2023-03-06,79.79866027832031,98.46802520751953,104.042236328125
2023-03-07,79.79866027832031,97.8447494506836,103.82295227050781
2023-03-08,79.81607818603516,97.3772964477539,103.7407455444336
2023-03-09,79.83354187011719,97.63392639160156,104.36199951171875
2023-03-10,79.85099792480469,99.07299041748047,105.57709503173828
2023-03-13,79.86841583251953,99.82455444335938,106.84698486328125
2023-03-14,79.87714385986328,99.27461242675781,106.16179656982422
2023-03-15,79.92073059082031,100.48448944091797,107.38606262207031
2023-03-16,79.95559692382812,99.34794616699219,106.6460189819336
2023-03-17,79.97305297851562,99.55875396728516,107.55963134765625
2023-03-20,79.98178100585938,99.65042877197266,107.25814819335938
2023-03-21,79.98178100585938,99.4395980834961,106.55465698242188
2023-03-22,79.99922180175781,100.8052978515625,107.56877136230469
2023-03-23,80.03406524658203,100.9886245727539,108.180908203125
2023-03-24,80.05152130126953,100.73197174072266,108.15347290039062
2023-03-27,80.04281616210938,99.94371795654297,107.26726531982422
2023-03-28,80.06024932861328,100.2553482055664,107.06629180908203
2023-03-29,80.06024932861328,100.44783782958984,106.96577453613281
2023-03-30,80.07769012451172,100.54866027832031,107.02973175048828
2023-03-31,80.06024932861328,101.05277252197266,107.48654174804688
2023-04-03,80.07951354980469,101.23355865478516,107.8105239868164
2023-04-04,80.08824157714844,101.52718353271484,108.37794494628906
2023-04-05,80.13202667236328,101.76577758789062,108.58846282958984
2023-04-06,80.1407699584961,101.99519348144531,108.57929992675781
2023-04-10,80.14952850341797,101.27027130126953,107.83798217773438
2023-04-11,80.15827941894531,101.4446029663086,107.80136108398438
2023-04-12,80.1758041381836,101.4813003540039,108.12171173095703
2023-04-13,80.2195816040039,101.23355865478516,108.01187133789062
2023-04-14,80.2195816040039,100.7930908203125,107.56342315673828
2023-04-17,80.23707580566406,100.33427429199219,107.13328552246094
2023-04-18,80.24583435058594,100.4352035522461,107.19732666015625
2023-04-19,80.25459289550781,100.33427429199219,107.04176330566406
2023-04-20,80.31587982177734,100.65543365478516,107.50849914550781
2023-04-21,80.30712127685547,100.70132446289062,107.3437728881836
2023-04-24,80.31587982177734,101.08673095703125,107.66409301757812
2023-04-25,80.30712127685547,101.68318176269531,108.52437591552734
2023-04-26,80.32463836669922,101.3253173828125,108.25898742675781
2023-04-27,80.35086822509766,100.9858169555664,107.70071411132812
2023-04-28,80.35086822509766,101.10508728027344,108.15829467773438
2023-05-01,80.35354614257812,100.26476287841797,107.47164916992188
2023-05-02,80.33597564697266,101.03036499023438,108.37007141113281
2023-05-03,80.34474182128906,101.49156951904297,108.96597290039062
2023-05-04,80.37110900878906,101.46390533447266,109.13098907470703
2023-05-05,80.38871002197266,101.26097869873047,108.63592529296875
2023-05-08,80.39749145507812,100.88278198242188,108.25090026855469
2023-05-09,80.40626525878906,100.73519897460938,108.16837310791016
2023-05-10,80.4150619506836,101.06723022460938,108.79178619384766
2023-05-11,80.4677734375,101.28863525390625,108.92927551269531
2023-05-12,80.48535919189453,100.92890167236328,108.50758361816406
2023-05-15,80.494140625,100.78131866455078,108.45259094238281
2023-05-16,80.48535919189453,100.51382446289062,108.20506286621094
2023-05-17,80.5029296875,100.46769714355469,107.89335632324219
2023-05-18,80.54688262939453,100.13563537597656,107.41665649414062
2023-05-19,80.54688262939453,99.89582061767578,107.1324691772461
2023-05-22,80.5556640625,99.71134948730469,107.06829071044922
2023-05-23,80.5556640625,100.01573944091797,107.17830657958984
2023-05-24,80.5556640625,99.70210266113281,106.94910430908203
2023-05-25,80.60840606689453,99.25013732910156,106.3899154663086
2023-05-26,80.6259536743164,99.37004089355469,106.31654357910156
2023-05-30,80.634765625,99.76667022705078,106.92158508300781
2023-05-31,80.65233612060547,99.89582061767578,107.15076446533203
2023-06-01,80.6973648071289,100.05586242675781,107.45390319824219
2023-06-02,80.7061538696289,99.56555938720703,106.79255676269531
2023-06-05,80.7061538696289,99.69506072998047,106.82929229736328
2023-06-06,80.72384643554688,99.7505874633789,106.79255676269531
2023-06-07,80.73265075683594,99.28803253173828,106.39762115478516
2023-06-08,80.77674865722656,99.7783203125,106.82929229736328
2023-06-09,80.78562927246094,99.50079345703125,106.48947143554688
2023-06-12,80.7944107055664,99.58406066894531,106.66397857666016
2023-06-13,80.81207275390625,99.07525634765625,106.14964294433594
2023-06-14,80.82969665527344,99.32504272460938,106.1128921508789
2023-06-15,80.86502838134766,99.9541015625,106.6548080444336
2023-06-16,80.87381744384766,99.69506072998047,106.29659271240234
2023-06-20,80.8915023803711,99.90785217285156,106.4619140625
2023-06-21,80.8915023803711,99.91708374023438,106.5078353881836
2023-06-22,80.9267807006836,99.56555938720703,106.16800689697266
2023-06-23,80.93560028076172,99.80609893798828,106.35169982910156
2023-06-26,80.94445037841797,99.85233306884766,106.55376434326172
2023-06-27,80.96208953857422,99.57481384277344,106.25067901611328
2023-06-28,80.9709243774414,99.7783203125,106.52622985839844
2023-06-29,80.99739837646484,99.12152099609375,105.83734893798828
2023-06-30,81.02385711669922,99.55631256103516,105.86489868164062
2023-07-03,81.04423522949219,99.43920135498047,105.5722427368164
2023-07-05,81.05311584472656,98.9652099609375,105.35138702392578
2023-07-06,81.07966613769531,98.44470977783203,104.86365509033203
2023-07-07,81.08853912353516,98.3796615600586,104.90968322753906
2023-07-10,81.10623168945312,98.61201477050781,105.39740753173828
2023-07-11,81.11512756347656,98.50048065185547,105.42500305175781
2023-07-12,81.1328353881836,99.58792114257812,106.19803619384766
2023-07-13,81.16827392578125,100.09908294677734,106.87901306152344
2023-07-14,81.17713165283203,99.56932067871094,106.4005126953125
2023-07-17,81.18598937988281,99.75520324707031,106.5293197631836
2023-07-18,81.18598937988281,99.70873260498047,106.55692291259766
2023-07-19,81.2037124633789,100.0526123046875,106.72257232666016
2023-07-20,81.24801635742188,100.01546478271484,106.2348403930664
2023-07-21,81.24801635742188,100.01546478271484,106.2348403930664
2023-07-24,81.25686645507812,100.06190490722656,106.01397705078125
2023-07-25,81.2657241821289,99.88532257080078,105.90357971191406
2023-07-26,81.27461242675781,99.9224853515625,106.17963409423828
2023-07-27,81.31890106201172,99.18827056884766,105.58145904541016
2023-07-28,81.32777404785156,99.56932067871094,105.84833526611328
2023-07-31,81.33660888671875,99.59721374511719,105.94037628173828
2023-08-01,81.35797882080078,99.0020751953125,105.64346313476562
2023-08-02,81.36687469482422,98.82511901855469,105.63420104980469
2023-08-03,81.40247344970703,98.21041870117188,105.3668212890625
2023-08-04,81.42025756835938,99.16038513183594,106.04917907714844
2023-08-07,81.42025756835938,99.24422454833984,105.99383544921875
2023-08-08,81.43805694580078,99.22559356689453,106.24280548095703
2023-08-09,81.44695281982422,99.17903137207031,106.1875
2023-08-10,81.49144744873047,98.66680908203125,105.79098510742188
2023-08-11,81.50033569335938,98.52709197998047,105.40370178222656
2023-08-14,81.50922393798828,98.32221221923828,105.2100830078125
2023-08-15,81.51815032958984,98.01483917236328,105.17317199707031
2023-08-16,81.53594207763672,97.72614288330078,104.97032165527344
2023-08-17,81.571533203125,97.69818878173828,105.02564239501953
2023-08-18,81.5804443359375,97.86582946777344,105.17317199707031
2023-08-21,81.58931732177734,97.60506439208984,104.8135757446289
2023-08-22,81.59823608398438,97.77271270751953,104.73979187011719
2023-08-23,81.61600494384766,98.657470703125,105.32994079589844
2023-08-24,81.64271545410156,98.21041870117188,105.12708282470703
2023-08-25,81.66051483154297,98.19180297851562,105.01644134521484
2023-08-28,81.67833709716797,98.24768829345703,105.1916275024414
2023-08-29,81.66941833496094,98.73198699951172,105.73566436767578
2023-08-30,81.68721008300781,98.58296966552734,105.71722412109375
2023-08-31,81.7406005859375,98.7878646850586,105.91085052490234
2023-09-01,81.75402069091797,98.27685546875,105.58932495117188
2023-09-05,81.77188873291016,98.08068084716797,105.31214141845703
2023-09-06,81.77188873291016,97.93122100830078,105.01648712158203
2023-09-07,81.81656646728516,98.28620147705078,105.33059692382812
2023-09-08,81.82553100585938,98.51040649414062,105.27517700195312
2023-09-11,81.82553100585938,98.41699981689453,105.22896575927734
2023-09-12,81.8523178100586,98.46369934082031,105.22896575927734
2023-09-13,81.86125946044922,98.5945053100586,105.36756134033203
2023-09-14,81.8880615234375,98.43568420410156,105.24746704101562
2023-09-15,81.90596008300781,98.19278717041016,105.0718994140625
2023-09-18,81.91487884521484,98.3983154296875,105.06267547607422
2023-09-19,81.92382049560547,98.1180419921875,104.83165740966797
2023-09-20,81.93276977539062,97.91254425048828,104.7208023071289
2023-09-21,81.97743225097656,97.39873504638672,104.46212005615234
2023-09-22,81.98640441894531,97.73503112792969,104.7208023071289
2023-09-25,81.99530029296875,96.99702453613281,104.4713363647461
2023-09-26,82.0042724609375,96.75414276123047,104.45283508300781
2023-09-27,82.03108215332031,96.59532928466797,104.1849136352539
2023-09-28,82.05789947509766,97.0904312133789,104.49903106689453
2023-09-29,82.06684112548828,96.89423370361328,104.55449676513672
2023-10-02,82.07939910888672,96.30567932128906,104.12206268310547
2023-10-03,82.09734344482422,95.62257385253906,103.71466064453125
2023-10-04,82.10633850097656,96.04366302490234,104.14059448242188
2023-10-05,82.1601791381836,95.90331268310547,104.36283111572266
2023-10-06,82.1601791381836,95.55709075927734,104.01095581054688
2023-10-09,82.16914367675781,96.50218200683594,104.85356903076172
2023-10-10,82.16914367675781,96.53961181640625,104.67761993408203
2023-10-11,82.18711853027344,96.97003936767578,104.81652069091797
2023-10-12,82.22303771972656,96.35247039794922,104.34429931640625
2023-10-13,82.240966796875,96.97941589355469,104.61280822753906
2023-10-16,82.24994659423828,96.69867706298828,104.30726623535156
2023-10-17,82.25891876220703,96.23081970214844,103.63131713867188
2023-10-18,82.26788330078125,96.02496337890625,103.39983367919922
2023-10-19,82.30380249023438,95.94075012207031,103.34427642822266
2023-10-20,82.32176208496094,96.23081970214844,103.78873443603516
2023-10-23,82.33072662353516,96.24951934814453,104.02947235107422
2023-10-24,82.33972930908203,96.3337631225586,104.02021026611328
2023-10-25,82.34868621826172,95.9313735961914,103.59429168701172
2023-10-26,82.38458251953125,96.44605255126953,104.10354614257812
2023-10-27,82.41152954101562,96.58641052246094,104.27949523925781
2023-10-30,82.4205093383789,96.43669891357422,104.07576751708984
2023-10-31,82.4205093383789,96.19338989257812,103.97392272949219
2023-11-01,82.44575500488281,97.03174591064453,104.67471313476562
2023-11-02,82.47280883789062,97.47349548339844,104.85110473632812
2023-11-03,82.48181915283203,97.97162628173828,105.50086212158203
2023-11-06,82.49083709716797,97.71784973144531,105.08313751220703
2023-11-07,82.50885772705078,97.98099517822266,105.36161041259766
2023-11-08,82.51786041259766,98.19718933105469,105.48229217529297
2023-11-09,82.56297302246094,97.37010192871094,104.90677642822266
2023-11-10,82.57196044921875,97.40770721435547,104.90677642822266
2023-11-13,82.58100128173828,97.3419189453125,104.95320892333984
2023-11-14,82.59000396728516,98.14080810546875,105.98353576660156
2023-11-15,82.60803985595703,97.71784973144531,105.50086212158203
2023-11-16,82.64411163330078,98.07501220703125,106.00206756591797
2023-11-17,82.66214752197266,98.17840576171875,105.9185562133789
2023-11-20,82.66214752197266,98.46975708007812,105.98353576660156
2023-11-21,82.68917846679688,98.26299285888672,106.12275695800781
2023-11-22,82.72525024414062,98.35694122314453,106.05776977539062
2023-11-24,82.73426055908203,97.94343566894531,105.79786682128906
2023-11-27,82.7432861328125,98.26299285888672,106.22483825683594
2023-11-28,82.7613296508789,98.6483383178711,106.6518325805664
2023-11-29,82.77033996582031,99.0430679321289,107.00453186035156
2023-11-30,82.806396484375,98.86449432373047,106.78177642822266
2023-12-01,82.82362365722656,99.36949920654297,107.41912078857422
2023-12-04,82.82362365722656,98.95494079589844,107.08415985107422
2023-12-05,82.84170532226562,99.49195861816406,107.48426055908203
2023-12-06,82.85079193115234,99.5956039428711,107.6145248413086
2023-12-07,82.88700866699219,99.51081085205078,107.6145248413086
2023-12-08,82.90512084960938,99.38832092285156,107.08415985107422
2023-12-11,82.92324829101562,99.18106079101562,107.09346771240234
2023-12-12,82.92324829101562,99.12454223632812,107.2330322265625
2023-12-13,82.93228912353516,100.4718246459961,108.37747955322266
2023-12-14,82.9685287475586,101.57415008544922,108.85504913330078
2023-12-15,82.99569702148438,101.40454864501953,108.71513366699219
2023-12-18,83.0057144165039,101.10308074951172,108.58453369140625
2023-12-19,83.0057144165039,101.16902160644531,108.6778335571289
2023-12-20,83.02389526367188,101.57415008544922,109.0416030883789
2023-12-21,83.0785140991211,101.40454864501953,109.0416030883789
2023-12-22,83.08759307861328,101.2066879272461,109.03227233886719
2023-12-26,83.10581970214844,101.26322937011719,109.0042953491211
2023-12-27,83.10581970214844,101.72489166259766,109.48002624511719
2023-12-28,83.16040802001953,101.39512634277344,109.28412628173828
2023-12-29,83.16040802001953,101.27264404296875,109.25613403320312
2024-01-02,83.16950225830078,101.13133239746094,108.93900299072266
2024-01-03,83.1968002319336,101.2914810180664,109.08821868896484
2024-01-04,83.22408294677734,100.8204345703125,108.74311065673828
2024-01-05,83.23321533203125,100.59430694580078,108.55655670166016
2024-01-08,83.24230194091797,100.8675308227539,108.78042602539062
2024-01-09,83.25141143798828,100.66967010498047,108.80840301513672
2024-01-10,83.26959991455078,100.58488464355469,108.74311065673828
2024-01-11,83.3150863647461,101.12191772460938,109.22814178466797
2024-01-12,83.33329010009766,101.55531311035156,109.50798034667969
2024-01-16,83.34239959716797,101.037109375,109.0416030883789
2024-01-17,83.360595703125,100.72621154785156,108.66849517822266
2024-01-18,83.3969955444336,100.75446319580078,108.6125259399414
2024-01-19,83.40609741210938,100.82984161376953,108.55655670166016
2024-01-22,83.41519927978516,100.8769302368164,108.74311065673828
2024-01-23,83.42430114746094,100.54719543457031,108.62186431884766
2024-01-24,83.43338775634766,100.31165313720703,108.44464874267578
2024-01-25,83.47887420654297,100.65082550048828,108.79907989501953
2024-01-26,83.48799133300781,100.55662536621094,108.65914154052734
2024-01-29,83.49708557128906,100.99942779541016,109.01364135742188
2024-01-30,83.50618743896484,100.95231628417969,108.92967987060547
2024-01-31,83.51526641845703,101.61183166503906,109.59192657470703
2024-02-01,83.55733489990234,101.79085540771484,109.90706634521484
2024-02-02,83.57561492919922,100.81098175048828,109.0093994140625
2024-02-05,83.57561492919922,100.2457046508789,108.40161895751953
2024-02-06,83.5938720703125,100.58488464355469,108.79436492919922
2024-02-07,83.60302734375,100.39644622802734,108.67280578613281
2024-02-08,83.63957977294922,100.32108306884766,108.47640228271484
2024-02-09,83.64872741699219,100.17974090576172,108.36418914794922
2024-02-12,83.6670150756836,100.21744537353516,108.44835662841797
2024-02-13,83.6670150756836,99.57676696777344,107.5881118774414
2024-02-14,83.68528747558594,100.000732421875,107.91537475585938
2024-02-15,83.73099517822266,100.12321472167969,108.10240173339844
2024-02-16,83.74927520751953,100.01958465576172,107.77513122558594
2024-02-20,83.75839233398438,100.06669616699219,107.97150421142578
2024-02-21,83.76753997802734,99.95362854003906,107.72835540771484
2024-02-22,83.81324005126953,99.82173919677734,107.67228698730469
2024-02-23,83.82240295410156,100.07611083984375,107.87799072265625
2024-02-26,83.82240295410156,100.03842163085938,107.77513122558594
2024-02-27,83.84069061279297,99.91593933105469,107.69096374511719
2024-02-28,83.84979248046875,100.23627471923828,107.95276641845703
2024-02-29,83.8863525390625,100.54719543457031,108.08367919921875
2024-03-01,83.9092788696289,100.924072265625,108.4726791381836
2024-03-04,83.91846466064453,100.8392562866211,108.29457092285156
2024-03-05,83.91846466064453,101.30091857910156,108.63199615478516
2024-03-06,83.93682861328125,101.3386001586914,108.735107421875
2024-03-07,83.9735336303711,101.28206634521484,108.94132995605469
2024-03-08,83.98271942138672,101.36687469482422,109.05378723144531
2024-03-11,83.99188995361328,101.1878662109375,108.9038314819336
2024-03-12,84.01941680908203,100.9900131225586,108.60389709472656
2024-03-13,84.01941680908203,100.84870147705078,108.44456481933594
2024-03-14,84.05611419677734,100.23627471923828,108.00403594970703
2024-03-15,84.07447052001953,100.17034149169922,107.8447036743164
2024-03-18,84.0836181640625,100.07611083984375,107.76034545898438
2024-03-19,84.10197448730469,100.21744537353516,107.99462890625
2024-03-20,84.11116790771484,100.6131591796875,108.24771881103516
2024-03-21,84.13867950439453,100.79216003417969,108.25709533691406
2024-03-22,84.14788055419922,101.1407470703125,108.54764556884766
2024-03-25,84.1662368774414,100.8204345703125,108.40707397460938
2024-03-26,84.17537689208984,100.84870147705078,108.48201751708984
2024-03-27,84.2304458618164,101.15960693359375,108.70700073242188
2024-03-28,84.2304458618164,101.19728088378906,108.54764556884766
2024-04-01,84.25348663330078,100.5420913696289,108.02703857421875
2024-04-02,84.27191925048828,100.57037353515625,107.99882507324219
2024-04-03,84.27191925048828,100.57037353515625,108.0833969116211
2024-04-04,84.30879211425781,100.94747161865234,108.31834411621094
2024-04-05,84.32721710205078,100.52323150634766,107.87665557861328
2024-04-08,84.33642578125,100.48552703857422,107.67930603027344
2024-04-09,84.34566497802734,100.74949645996094,107.92363739013672
2024-04-10,84.36407470703125,99.77845764160156,106.889892578125
2024-04-11,84.39173126220703,99.69364166259766,106.90869903564453
2024-04-12,84.40094757080078,100.04243469238281,107.18122863769531
2024-04-15,84.41938018798828,99.72191619873047,106.84291076660156
2024-04-16,84.42860412597656,99.3165283203125,106.59857940673828
2024-04-17,84.43781280517578,99.70306396484375,106.96508026123047
2024-04-18,84.48387908935547,99.57108306884766,106.72074890136719
2024-04-19,84.49311065673828,99.72191619873047,106.8052978515625
2024-04-22,84.51153564453125,99.73137664794922,106.84291076660156
2024-04-23,84.52075958251953,99.82560729980469,107.002685546875
2024-04-24,84.52075958251953,99.61822509765625,106.87112426757812
2024-04-25,84.56684112548828,99.46736907958984,106.61735534667969
2024-04-26,84.56684112548828,99.72191619873047,106.73954010009766
2024-04-29,84.58525085449219,99.96702575683594,106.93689727783203
2024-04-30,84.59447479248047,99.48624420166016,106.66434478759766
2024-05-01,84.61114501953125,99.65042114257812,106.95266723632812
2024-05-02,84.65740966796875,100.01099395751953,107.36724853515625
2024-05-03,84.66669464111328,100.52344512939453,107.76299285888672
2024-05-06,84.66669464111328,100.5708999633789,107.791259765625
2024-05-07,84.67594146728516,100.55191802978516,107.89490509033203
2024-05-08,84.69442749023438,100.43803405761719,107.78182983398438
2024-05-09,84.74070739746094,100.79863739013672,107.96085357666016
2024-05-10,84.74070739746094,100.63732147216797,107.76299285888672
2024-05-13,84.75920867919922,100.6752700805664,107.81008911132812
2024-05-14,84.76846313476562,100.86506652832031,108.01741027832031
2024-05-15,84.77771759033203,101.37751007080078,108.54505157470703
2024-05-16,84.81475067138672,101.23518371582031,108.36601257324219
2024-05-17,84.82402038574219,101.14026641845703,108.18698120117188
2024-05-20,84.84251403808594,101.1023178100586,108.10220336914062
2024-05-21,84.85179138183594,101.29210662841797,108.26238250732422
2024-05-22,84.87030029296875,101.27311706542969,108.10220336914062
2024-05-23,84.9258041381836,100.88404083251953,107.87603759765625
2024-05-24,84.93507385253906,101.00741577148438,107.89490509033203
2024-05-28,84.9258041381836,100.70375061035156,107.63107299804688
2024-05-29,84.94432067871094,100.46649932861328,107.3860855102539
2024-05-30,84.96282958984375,100.85557556152344,107.68761444091797
2024-05-31,84.9813461303711,101.25413513183594,108.06451416015625
2024-06-03,84.99527740478516,101.68123626708984,108.43199157714844
2024-06-04,85.01388549804688,101.99653625488281,108.79098510742188
2024-06-05,85.02317810058594,102.2545166015625,109.01771545410156
2024-06-06,85.03248596191406,102.16852569580078,109.04603576660156
2024-06-07,85.06965637207031,101.32771301269531,108.31861877441406
2024-06-10,85.0882568359375,101.18440246582031,108.23360443115234
2024-06-11,85.09756469726562,101.46147155761719,108.56425476074219
2024-06-12,85.11613464355469,101.61436462402344,108.94212341308594
2024-06-13,85.12542724609375,102.01566314697266,109.38612365722656
2024-06-14,85.17193603515625,102.13987731933594,109.46172332763672
2024-06-17,85.18121337890625,101.99653625488281,109.16886901855469
2024-06-18,85.19982147216797,102.40740203857422,109.47114562988281
2024-06-20,85.2184066772461,102.42650604248047,109.33888244628906
2024-06-21,85.24628448486328,102.27362060546875,109.3578109741211
2024-06-24,85.26488494873047,102.3309555053711,109.38612365722656
2024-06-25,85.26488494873047,102.4551773071289,109.45226287841797
2024-06-26,85.27417755126953,102.1494369506836,109.0838394165039
2024-06-27,85.29275512695312,102.34050750732422,109.25387573242188
2024-06-28,85.32066345214844,102.02521514892578,109.0838394165039
2024-07-01,85.35053253173828,101.61937713623047,108.66803741455078
2024-07-02,85.35987091064453,101.81127166748047,108.8858871459961
2024-07-03,85.38787078857422,102.21419525146484,109.30264282226562
2024-07-05,85.41588592529297,102.67472076416016,109.73831939697266
2024-07-08,85.43456268310547,102.6363525390625,109.71937561035156
2024-07-09,85.43456268310547,102.48283386230469,109.69096374511719
2024-07-10,85.45323944091797,102.67472076416016,109.72886657714844
2024-07-11,85.46257781982422,102.98174285888672,110.23084259033203
2024-07-12,85.49991607666016,103.14482879638672,110.43923950195312
2024-07-15,85.5185775756836,103.07766723632812,110.34452056884766
2024-07-16,85.5185775756836,103.39425659179688,110.54341888427734
2024-07-17,85.54659271240234,103.43266296386719,110.6002426147461
2024-07-18,85.55592346191406,103.20238494873047,110.42974090576172
2024-07-19,85.58395385742188,102.95294952392578,110.24031066894531
2024-07-22,85.60262298583984,102.82821655273438,110.18348693847656
2024-07-23,85.60262298583984,102.77066040039062,110.25926208496094
2024-07-24,85.63062286376953,102.46366119384766,110.25926208496094
2024-07-25,85.63062286376953,102.71310424804688,110.34452056884766
2024-07-26,85.67729187011719,103.03929901123047,110.68549346923828
2024-07-29,85.67729187011719,103.14482879638672,110.7612533569336
2024-07-30,85.68663787841797,103.2215805053711,110.9128189086914
2024-07-31,85.7052993774414,103.7876205444336,111.45269775390625
2024-08-01,85.72592163085938,103.92503356933594,111.81832885742188
2024-08-02,85.77284240722656,104.42472076416016,113.01496124267578
2024-08-05,85.77284240722656,104.72261810302734,113.01496124267578
2024-08-06,85.79157257080078,104.1172103881836,112.44512939453125
2024-08-07,85.8103256225586,103.80010986328125,112.28369140625
2024-08-08,85.81969451904297,103.70402526855469,112.04624938964844
2024-08-09,85.83843994140625,103.97308349609375,112.2361831665039
2024-08-12,85.86660766601562,104.25174713134766,112.48312377929688
2024-08-13,85.8759536743164,104.47277069091797,112.80599975585938
2024-08-14,85.8853530883789,104.41510772705078,112.8344955444336
2024-08-15,85.89472961425781,104.19410705566406,112.29317474365234
2024-08-16,85.94161224365234,104.15567016601562,112.44512939453125
2024-08-19,85.94161224365234,104.22291564941406,112.48312377929688
2024-08-20,85.96036529541016,104.6361312866211,112.75852966308594
2024-08-21,85.9791259765625,104.86674499511719,112.9959716796875
2024-08-22,85.9791259765625,104.54004669189453,112.66356658935547
2024-08-23,86.01663208007812,105.09739685058594,113.07194519042969
2024-08-26,86.02600860595703,105.10697937011719,112.9579849243164
2024-08-27,86.04476165771484,105.10697937011719,113.033935546875
2024-08-28,86.05413818359375,105.09739685058594,113.01496124267578
2024-08-29,86.05413818359375,104.95323944091797,112.88198852539062
2024-08-30,86.10100555419922,104.61690521240234,112.74903106689453
2024-09-03,86.13493347167969,104.828369140625,113.13945770263672
2024-09-04,86.14437103271484,105.10710906982422,113.58702087402344
2024-09-05,86.15377807617188,105.17438507080078,113.6917724609375
2024-09-06,86.20085906982422,105.24169158935547,113.94890594482422
2024-09-09,86.20085906982422,105.48198699951172,113.99651336669922
2024-09-10,86.22908782958984,105.71268463134766,114.3393325805664
2024-09-11,86.22908782958984,105.77996063232422,114.22505187988281
2024-09-12,86.23851776123047,105.79916381835938,114.12982177734375
2024-09-13,86.28560638427734,106.15483093261719,114.3488540649414
2024-09-16,86.30443572998047,106.52008819580078,114.49170684814453
2024-09-17,86.3138656616211,106.48162078857422,114.3678970336914
2024-09-18,86.33268737792969,106.08753204345703,114.12031555175781
2024-09-19,86.35153198242188,106.40473175048828,114.12982177734375
2024-09-20,86.38922119140625,106.26055908203125,114.14889526367188
2024-09-23,86.39863586425781,106.27017211914062,114.09174346923828
2024-09-24,86.40804290771484,106.52969360351562,114.25363159179688
2024-09-25,86.42688751220703,106.12598419189453,114.02507781982422
2024-09-26,86.42688751220703,105.99141693115234,113.87271881103516
2024-09-27,86.45513153076172,106.25093841552734,114.19647979736328
2024-09-30,86.46453857421875,106.18367004394531,113.90128326416016
2024-10-01,86.48441314697266,106.53199768066406,114.14476776123047
2024-10-02,86.49388885498047,106.43577575683594,114.00154876708984
2024-10-03,86.51278686523438,105.98350524902344,113.62918090820312
2024-10-04,86.53168487548828,105.2618179321289,112.7698745727539
2024-10-07,86.55060577392578,105.14634704589844,112.52162170410156
2024-10-08,86.55060577392578,105.31954193115234,112.6075439453125
2024-10-09,86.56005096435547,105.12710571289062,112.34976196289062
2024-10-10,86.56951904296875,105.33879852294922,112.4261474609375
2024-10-11,86.6167984008789,105.3484115600586,112.51207733154297
2024-10-14,86.60733795166016,105.24258422851562,112.35930633544922
2024-10-15,86.63569641113281,105.35804748535156,112.65530395507812
2024-10-16,86.63569641113281,105.37728881835938,112.75077056884766
2024-10-17,86.65460205078125,105.05973052978516,112.46434020996094
2024-10-18,86.68297576904297,105.23294830322266,112.59800720214844
2024-10-21,86.70189666748047,104.47276306152344,112.1110610961914
2024-10-22,86.71134185791016,104.61709594726562,112.04421997070312
2024-10-23,86.71134185791016,104.3572769165039,111.8437271118164
2024-10-24,86.7208023071289,104.46315002441406,111.94876098632812
2024-10-25,86.75862884521484,104.18408203125,111.83416748046875
2024-10-28,86.75862884521484,103.98201751708984,111.65276336669922
2024-10-29,86.77754974365234,104.13597869873047,111.70051574707031
2024-10-30,86.78701782226562,104.33805084228516,111.48091125488281
2024-10-31,86.805908203125,104.22256469726562,111.48091125488281
2024-11-01,86.84293365478516,103.77859497070312,111.1745376586914
2024-11-04,86.86193084716797,103.95196533203125,111.50006103515625
2024-11-05,86.86193084716797,104.04826354980469,111.43304443359375
2024-11-06,86.88090515136719,103.8845443725586,110.87773132324219
2024-11-07,86.8904037475586,104.2697525024414,111.43304443359375
2024-11-08,86.93785858154297,104.55867767333984,111.39474487304688
2024-11-11,86.9283676147461,104.21196746826172,111.1553955078125
2024-11-12,86.93785858154297,103.66304016113281,110.81070709228516
2024-11-13,86.95684051513672,103.47042846679688,110.94474792480469
2024-11-14,86.95684051513672,103.45115661621094,110.79158020019531
2024-11-15,86.98533630371094,103.48006439208984,110.93519592285156
2024-11-18,86.99481201171875,103.73046112060547,111.08837127685547
2024-11-19,87.02330780029297,103.8941650390625,111.21283721923828
2024-11-20,87.03279876708984,103.84603118896484,111.09796142578125
2024-11-21,87.04229736328125,103.71118927001953,111.02135467529297
2024-11-22,87.0707778930664,103.7882308959961,111.02135467529297
2024-11-25,87.08026885986328,104.3564224243164,111.67237854003906
2024-11-26,87.08026885986328,104.11569213867188,111.5958023071289
2024-11-27,87.1087417602539,104.44310760498047,111.88302612304688
2024-11-29,87.12771606445312,104.74166107177734,112.14152526855469
2024-12-02,87.15155029296875,104.68376159667969,112.10406494140625
2024-12-03,87.17059326171875,104.73200988769531,111.99848937988281
2024-12-04,87.18013763427734,105.03108215332031,112.23847961425781
2024-12-05,87.18965911865234,104.90564727783203,112.20964813232422
2024-12-06,87.227783203125,104.99248504638672,112.47846984863281
2024-12-09,87.23728942871094,104.79954528808594,112.29607391357422
2024-12-10,87.25634765625,104.76094055175781,112.17127990722656
2024-12-11,87.26588439941406,104.60660552978516,112.01766204833984
2024-12-12,87.28494262695312,104.26892852783203,111.80650329589844
2024-12-13,87.31350708007812,103.97949981689453,111.53770446777344
2024-12-16,87.32305908203125,103.8637466430664,111.54732513427734
2024-12-17,87.33257293701172,103.80586242675781,111.54732513427734
2024-12-18,87.33257293701172,103.14887237548828,110.91191864013672
2024-12-19,87.34500885009766,102.7333984375,110.83489227294922
2024-12-20,87.38328552246094,102.9363021850586,111.03707885742188
2024-12-23,87.38328552246094,102.80104064941406,110.78677368164062
2024-12-24,87.40243530273438,103.03291320800781,110.83489227294922
2024-12-26,87.42155456542969,103.03291320800781,110.90229797363281
2024-12-27,87.45982360839844,102.77205657958984,110.80602264404297
2024-12-30,87.45982360839844,103.07156372070312,111.22960662841797
2024-12-31,87.47896575927734,102.94596862792969,111.23925018310547
2025-01-02,87.49809265136719,103.10054779052734,111.22960662841797
2025-01-03,87.50765228271484,102.88799285888672,111.10446166992188
2025-01-06,87.5172348022461,102.88799285888672,111.10446166992188
2025-01-07,87.53636169433594,102.72373962402344,110.86380004882812
2025-01-08,87.55550384521484,102.99427795410156,110.98894500732422
2025-01-10,87.5842056274414,102.62712860107422,110.40170288085938
2025-01-13,87.59378051757812,102.62712860107422,110.2957992553711
2025-01-14,87.6129150390625,102.66578674316406,110.3728256225586
2025-01-15,87.62247467041016,103.38074493408203,111.06595611572266
2025-01-16,87.62247467041016,103.5160140991211,111.29701232910156
2025-01-17,87.67032623291016,103.55464935302734,111.24886322021484
2025-01-21,87.67032623291016,103.6319580078125,111.43177795410156
2025-01-22,87.68946075439453,103.5160140991211,111.23925018310547
2025-01-23,87.68946075439453,103.61263275146484,111.15260314941406
2025-01-24,87.72773742675781,103.79620361328125,111.33551788330078
2025-01-27,87.73727416992188,104.23097229003906,111.77835845947266
2025-01-28,87.73727416992188,104.29861450195312,111.7975845336914
2025-01-29,87.74686431884766,104.17300415039062,111.70133209228516
2025-01-30,87.75643920898438,104.27928924560547,111.83612060546875
2025-01-31,87.78514099121094,104.35657501220703,111.7975845336914
2025-02-03,87.81009674072266,104.59810638427734,111.74835968017578
2025-02-04,87.81009674072266,104.77205657958984,111.92213439941406
2025-02-05,87.8197021484375,105.23580169677734,112.25038146972656
2025-02-06,87.83890533447266,105.0522232055664,112.14420318603516
2025-02-07,87.85810852050781,104.77205657958984,111.8738784790039
2025-02-10,87.86771392822266,104.82034301757812,111.8835220336914
2025-02-11,87.87731170654297,104.79135131835938,111.7773208618164
2025-02-12,87.88691711425781,104.16334533691406,111.29460906982422
2025-02-13,87.90613555908203,104.74305725097656,111.70974731445312
2025-02-14,87.93492126464844,104.93628692626953,112.02832794189453
2025-02-18,87.9541244506836,104.59810638427734,111.72904968261719
2025-02-19,87.96373748779297,104.81068420410156,111.9124755859375
2025-02-20,87.9829330444336,105.02323913574219,112.02832794189453
2025-02-21,88.01173400878906,105.23580169677734,112.43383026123047
2025-02-24,88.02134704589844,105.4676742553711,112.59793090820312
2025-02-25,88.02134704589844,105.91213989257812,113.1192626953125
2025-02-26,88.04055786132812,105.99908447265625,113.3123550415039
2025-02-27,88.05013275146484,105.87347412109375,113.30270385742188
2025-02-28,88.0693588256836,106.60775756835938,113.71784210205078
2025-03-03,88.08765411376953,106.89761352539062,113.94435119628906
2025-03-04,88.08765411376953,106.52080535888672,113.83787536621094
2025-03-05,88.09728240966797,105.97976684570312,113.42166137695312
2025-03-06,88.10691833496094,105.93144226074219,113.47006225585938
2025-03-07,88.14545440673828,105.75753021240234,113.39262390136719
