Date,BIL,TIP,IEI,SHY
2022-09-01,78.43717193603516,101.85607147216797,106.19214630126953,73.0090560913086
2022-09-02,78.44578552246094,102.45832061767578,106.6718521118164,73.16909790039062
2022-09-06,78.44578552246094,101.48191833496094,106.02925109863281,73.0090560913086
2022-09-07,78.45433044433594,101.90170288085938,106.47271728515625,73.11570739746094
2022-09-08,78.47151184082031,101.3359375,106.19214630126953,73.0268325805664
2022-09-09,78.47151184082031,101.38156127929688,106.11975860595703,72.96460723876953
2022-09-12,78.46295928955078,101.0804214477539,106.06546783447266,72.95573425292969
2022-09-13,78.48006439208984,100.77930450439453,105.46809387207031,72.7068099975586
2022-09-14,78.48006439208984,101.03480529785156,105.36853790283203,72.64459991455078
2022-09-15,78.50584411621094,100.52377319335938,105.1060791015625,72.56459045410156
2022-09-16,78.50584411621094,100.10401153564453,105.26898956298828,72.60014343261719
2022-09-19,78.50584411621094,99.64775848388672,105.04270935058594,72.5201416015625
2022-09-20,78.49723815917969,99.49263000488281,104.74407958984375,72.48457336425781
2022-09-21,78.5143814086914,99.68426513671875,104.79837799072266,72.42236328125
2022-09-22,78.54871368408203,98.55272674560547,103.94756317138672,72.28902435302734
2022-09-23,78.54871368408203,98.13297271728516,103.77561950683594,72.20010375976562
2022-09-26,78.53157043457031,96.56343078613281,102.87054443359375,72.04012298583984
2022-09-27,78.55728912353516,96.05243682861328,102.58998107910156,72.04012298583984
2022-09-28,78.56587219238281,97.74971008300781,103.99285125732422,72.35123443603516
2022-09-29,78.58303833007812,96.38092041015625,103.67607116699219,72.25346374511719
2022-09-30,78.58303833007812,95.72389221191406,103.43167877197266,72.19123077392578
2022-10-03,78.56153106689453,96.955810546875,104.14044952392578,72.34967803955078
2022-10-04,78.58732604980469,97.33906555175781,104.33987426757812,72.37638092041016
2022-10-05,78.58732604980469,96.57256317138672,103.82324981689453,72.30518341064453
2022-10-06,78.60452270507812,96.2531509399414,103.46977996826172,72.2161636352539
2022-10-07,78.60452270507812,96.28055572509766,103.09814453125,72.12716674804688
2022-10-10,78.61312866210938,95.73302459716797,102.87155151367188,72.10042572021484
2022-10-11,78.61312866210938,96.28055572509766,102.98939514160156,72.13603973388672
2022-10-12,78.61312866210938,96.47217559814453,103.24317932128906,72.20723724365234
2022-10-13,78.63888549804688,96.36267852783203,102.7718734741211,71.99361419677734
2022-10-14,78.63888549804688,96.44480895996094,102.50904846191406,71.95801544189453
2022-10-17,78.63888549804688,96.70943450927734,102.67218780517578,72.03814697265625
2022-10-18,78.63888549804688,96.45393371582031,102.83531188964844,72.07373809814453
2022-10-19,78.63888549804688,95.96115112304688,102.23711395263672,71.94021606445312
2022-10-20,78.67327880859375,95.86990356445312,101.81111907958984,71.86012268066406
2022-10-21,78.68186950683594,96.11630249023438,102.26429748535156,72.04702758789062
2022-10-24,78.67327880859375,96.34442901611328,102.2461929321289,72.02925109863281
2022-10-25,78.67327880859375,96.73680114746094,102.79906463623047,72.10042572021484
2022-10-26,78.69046020507812,96.59080505371094,103.04376220703125,72.16275024414062
2022-10-27,78.71623229980469,97.33906555175781,103.58761596679688,72.31407928466797
2022-10-28,78.7076416015625,97.22045135498047,103.16159057617188,72.20723724365234
2022-10-31,78.7076416015625,97.08357238769531,102.90782165527344,72.10042572021484
2022-11-01,78.71454620361328,97.0653305053711,102.7652816772461,72.02997589111328
2022-11-02,78.7403564453125,96.84627532958984,102.67454528808594,71.99433898925781
2022-11-03,78.76620483398438,95.76953125,102.34774780273438,71.86055755615234
2022-11-04,78.783447265625,96.12540435791016,102.42945861816406,71.94083404541016
2022-11-07,78.77482604980469,96.24403381347656,102.2206802368164,71.87841033935547
2022-11-08,78.783447265625,96.38092041015625,102.58375549316406,71.94973754882812
2022-11-09,78.82647705078125,96.18017578125,102.90148162841797,72.065673828125
2022-11-10,78.83511352539062,97.7770767211914,104.381103515625,72.4580078125
2022-11-11,78.82647705078125,97.72232055664062,104.25399780273438,72.44017028808594
2022-11-14,78.82647705078125,97.00145721435547,104.09059143066406,72.37776184082031
2022-11-15,78.84371948242188,97.63107299804688,104.55354309082031,72.44908142089844
2022-11-16,78.85234832763672,97.87747192382812,104.8712387084961,72.4580078125
2022-11-17,78.87818145751953,97.21131134033203,104.45372009277344,72.36883544921875
2022-11-18,78.87818145751953,96.71854400634766,104.18138122558594,72.28858184814453
2022-11-21,78.88680267333984,97.22956848144531,104.14508819580078,72.27075958251953
2022-11-22,78.90400695800781,97.6219482421875,104.3356704711914,72.32424926757812
2022-11-23,78.92125701904297,98.16033935546875,104.64432525634766,72.38666534423828
2022-11-25,78.92125701904297,98.06907653808594,104.66248321533203,72.39559936523438
2022-11-28,78.92984008789062,97.8409652709961,104.67154693603516,72.41342163085938
2022-11-29,78.9557113647461,97.42119598388672,104.50816345214844,72.38666534423828
2022-11-30,78.9557113647461,98.86298370361328,105.2162094116211,72.60067749023438
2022-12-01,78.97299194335938,99.92369079589844,105.8553466796875,72.75702667236328
2022-12-02,78.98162078857422,100.66375732421875,105.94627380371094,72.73916625976562
2022-12-05,78.99024963378906,99.63134002685547,105.20983123779297,72.53367614746094
2022-12-06,79.01618957519531,99.61308288574219,105.51895141601562,72.61407470703125
2022-12-07,79.01618957519531,100.04251098632812,106.1190185546875,72.76595306396484
2022-12-08,79.06798553466797,100.01508331298828,105.72806549072266,72.69446563720703
2022-12-09,79.0593490600586,99.06490325927734,105.40984344482422,72.65873718261719
2022-12-12,79.06798553466797,99.07403564453125,105.33711242675781,72.61407470703125
2022-12-13,79.06798553466797,99.36640167236328,105.95536041259766,72.82852935791016
2022-12-14,79.09391021728516,99.11974334716797,106.15538024902344,72.83747100830078
2022-12-15,79.1111831665039,99.13713073730469,106.1753921508789,72.84730529785156
2022-12-16,79.1111831665039,98.60550689697266,106.15719604492188,72.91893768310547
2022-12-19,79.12069702148438,98.26634979248047,105.74738311767578,72.82939147949219
2022-12-20,79.12933349609375,98.2388687133789,105.41043090820312,72.82939147949219
2022-12-21,79.13802337646484,98.77050018310547,105.50152587890625,72.90103912353516
2022-12-22,79.19001770019531,98.22972106933594,105.42864990234375,72.85625457763672
2022-12-23,79.19001770019531,98.00972747802734,105.2374038696289,72.82044219970703
2022-12-27,79.19001770019531,97.56061553955078,104.74565124511719,72.72193145751953
2022-12-28,79.21600341796875,97.45061492919922,104.67276763916016,72.72193145751953
2022-12-29,79.25066375732422,97.85391998291016,104.86405181884766,72.7756576538086
2022-12-30,79.24197387695312,97.56061553955078,104.62726593017578,72.68611145019531
2023-01-03,79.25066375732422,97.90892028808594,104.93689727783203,72.7488021850586
2023-01-04,79.24197387695312,97.97309112548828,105.3467025756836,72.82044219970703
2023-01-05,79.26795959472656,98.00056457519531,105.17367553710938,72.72193145751953
2023-01-06,79.25929260253906,98.89881896972656,106.0843505859375,72.9995346069336
2023-01-09,79.27662658691406,99.12794494628906,106.27557373046875,73.0711441040039
2023-01-10,79.26795959472656,98.72465515136719,106.04791259765625,73.00849151611328
2023-01-11,79.26795959472656,99.14629364013672,106.36666870117188,73.0711441040039
2023-01-12,79.32861328125,99.92539978027344,107.0041275024414,73.23234558105469
2023-01-13,79.33729553222656,99.14629364013672,106.66717529296875,73.10698699951172
2023-01-17,79.33729553222656,98.8621597290039,106.612548828125,73.15179443359375
2023-01-18,79.34593200683594,99.5404281616211,107.44127655029297,73.31295013427734
2023-01-19,79.38059997558594,100.154541015625,107.27735137939453,73.29505920410156
2023-01-20,79.38925170898438,99.58623504638672,106.8857421875,73.23234558105469
2023-01-23,79.38925170898438,99.4946060180664,106.62164306640625,73.16072845458984
2023-01-24,79.39791870117188,100.06287384033203,106.8857421875,73.18760681152344
2023-01-25,79.40657043457031,100.2645263671875,106.99501037597656,73.23234558105469
2023-01-26,79.44989776611328,100.25535583496094,106.76736450195312,73.18760681152344
2023-01-27,79.45858001708984,100.0353775024414,106.67628479003906,73.18760681152344
2023-01-30,79.45858001708984,99.54959869384766,106.42129516601562,73.11593627929688
2023-01-31,79.46723175048828,99.58623504638672,106.82199096679688,73.25029754638672
2023-02-01,79.47245788574219,100.25535583496094,107.3792953491211,73.377685546875
2023-02-02,79.50724792480469,100.11785125732422,107.36101531982422,73.38666534423828
2023-02-03,79.52460479736328,99.18295288085938,106.54927825927734,73.11747741699219
2023-02-06,79.53331756591797,98.78883361816406,105.80134582519531,72.91114044189453
2023-02-07,79.54200744628906,99.04545593261719,105.76488494873047,72.94702911376953
2023-02-08,79.54200744628906,99.55876922607422,105.94733428955078,72.97393035888672
2023-02-09,79.56809997558594,99.05464172363281,105.65544128417969,72.92011260986328
2023-02-10,79.57676696777344,98.6971664428711,105.39092254638672,72.88423919677734
2023-02-13,79.59416961669922,98.8621597290039,105.47303009033203,72.90216827392578
2023-02-14,79.59416961669922,98.53218841552734,105.0261001586914,72.7496566772461
2023-02-15,79.6115493774414,98.53218841552734,104.95313262939453,72.75863647460938
2023-02-16,79.655029296875,98.29386138916016,104.82546997070312,72.76759338378906
2023-02-17,79.66374969482422,98.486328125,105.0261001586914,72.83039093017578
2023-02-21,79.66374969482422,98.04639434814453,104.36942291259766,72.68685913085938
2023-02-22,79.68982696533203,97.99140167236328,104.46971893310547,72.72274017333984
2023-02-23,79.71589660644531,98.31221771240234,104.6703872680664,72.76759338378906
2023-02-24,79.724609375,97.67060089111328,104.1869888305664,72.6150894165039
2023-02-27,79.73332214355469,97.87226104736328,104.38764190673828,72.67792510986328
2023-02-28,79.74199676513672,98.2388687133789,104.4332275390625,72.6599349975586
2023-03-01,79.74635314941406,97.87226104736328,103.95999145507812,72.52688598632812
2023-03-02,79.77250671386719,97.94556427001953,103.76813507080078,72.55387878417969
2023-03-03,79.78995513916016,98.9996337890625,104.11531829833984,72.59880828857422
2023-03-06,79.79863739013672,98.46802520751953,104.04222869873047,72.56285858154297
2023-03-07,79.79863739013672,97.84476470947266,103.82295989990234,72.4100570678711
2023-03-08,79.81610870361328,97.37726593017578,103.74073791503906,72.37409210205078
2023-03-09,79.83352661132812,97.63391876220703,104.36199188232422,72.60782623291016
2023-03-10,79.85099029541016,99.07295989990234,105.57710266113281,73.00333404541016
2023-03-13,79.8684310913086,99.82453918457031,106.84700012207031,73.73151397705078
2023-03-14,79.87713623046875,99.27460479736328,106.16180419921875,73.45281982421875
2023-03-15,79.92071533203125,100.48448944091797,107.38603973388672,73.88430786132812
2023-03-16,79.95561981201172,99.34793090820312,106.64603424072266,73.58766174316406
2023-03-17,79.97306060791016,99.55876922607422,107.55965423583984,73.95620727539062
2023-03-20,79.98176574707031,99.6504135131836,107.25813293457031,73.86634826660156
2023-03-21,79.98176574707031,99.43960571289062,106.55464935302734,73.58766174316406
2023-03-22,79.99921417236328,100.80529022216797,107.56874084472656,73.92928314208984
2023-03-23,80.03408813476562,100.98863220214844,108.1808853149414,74.14501190185547
2023-03-24,80.05154418945312,100.73198699951172,108.1534652709961,74.18095397949219
2023-03-27,80.04278564453125,99.9437026977539,107.26727294921875,73.86634826660156
2023-03-28,80.06026458740234,100.25535583496094,107.06629943847656,73.78544616699219
2023-03-29,80.06026458740234,100.44783020019531,106.96578216552734,73.75847625732422
2023-03-30,80.07770538330078,100.54865264892578,107.02973175048828,73.7674560546875
2023-03-31,80.06026458740234,101.05278015136719,107.4865493774414,73.85735321044922
2023-04-03,80.07951354980469,101.23356628417969,107.810546875,73.94743347167969
2023-04-04,80.08827209472656,101.5271987915039,108.37794494628906,74.11860656738281
2023-04-05,80.13202667236328,101.76580047607422,108.58843994140625,74.21771240234375
2023-04-06,80.14078521728516,101.99520111083984,108.57929992675781,74.19068908691406
2023-04-10,80.14955139160156,101.2702407836914,107.83798217773438,73.92942810058594
2023-04-11,80.15828704833984,101.44463348388672,107.80137634277344,73.92041015625
2023-04-12,80.17581176757812,101.48130798339844,108.12168884277344,74.00149536132812
2023-04-13,80.21957397460938,101.23356628417969,108.0118637084961,74.04653930664062
2023-04-14,80.21957397460938,100.79307556152344,107.56340789794922,73.8753890991211
2023-04-17,80.23709869384766,100.33424377441406,107.1332778930664,73.76725769042969
2023-04-18,80.24584197998047,100.4352035522461,107.19734191894531,73.74922943115234
2023-04-19,80.25460052490234,100.33424377441406,107.04174041748047,73.6861801147461
2023-04-20,80.3158950805664,100.65544891357422,107.50851440429688,73.86636352539062
2023-04-21,80.30713653564453,100.7013168334961,107.34380340576172,73.82130432128906
2023-04-24,80.3158950805664,101.08673858642578,107.6640853881836,73.90238189697266
2023-04-25,80.30713653564453,101.68318939208984,108.52437591552734,74.19068908691406
2023-04-26,80.32466125488281,101.32530212402344,108.25897979736328,74.10059356689453
2023-04-27,80.35089874267578,100.98579406738281,107.7007064819336,73.95643615722656
2023-04-28,80.35089874267578,101.1051025390625,108.15831756591797,74.03752899169922
2023-05-01,80.3535385131836,100.26478576660156,107.47167205810547,73.87588500976562
2023-05-02,80.3359603881836,101.03035736083984,108.3700942993164,74.11969757080078
2023-05-03,80.3447494506836,101.49156951904297,108.9659652709961,74.30027770996094
2023-05-04,80.37110137939453,101.4638900756836,109.13098907470703,74.41767883300781
2023-05-05,80.3886947631836,101.26095581054688,108.63594055175781,74.23707580566406
2023-05-08,80.39749908447266,100.88278198242188,108.25086975097656,74.11969757080078
2023-05-09,80.40626525878906,100.73521423339844,108.16836547851562,74.10163879394531
2023-05-10,80.41504669189453,101.06725311279297,108.79179382324219,74.28221893310547
2023-05-11,80.4677734375,101.28863525390625,108.92928314208984,74.32742309570312
2023-05-12,80.4853744506836,100.92888641357422,108.50758361816406,74.20096588134766
2023-05-15,80.494140625,100.78131103515625,108.45257568359375,74.20999908447266
2023-05-16,80.4853744506836,100.51383209228516,108.2050552368164,74.11969757080078
2023-05-17,80.50296020507812,100.46770477294922,107.89336395263672,74.0384292602539
2023-05-18,80.54689025878906,100.13563537597656,107.41665649414062,73.9029769897461
2023-05-19,80.54689025878906,99.89582824707031,107.13245391845703,73.84880065917969
2023-05-22,80.5556640625,99.71134185791016,107.06827545166016,73.82168579101562
2023-05-23,80.5556640625,100.01570892333984,107.17830657958984,73.81266784667969
2023-05-24,80.5556640625,99.7021255493164,106.94908905029297,73.72239685058594
2023-05-25,80.60841369628906,99.25013732910156,106.38988494873047,73.559814453125
2023-05-26,80.6259994506836,99.37004852294922,106.31654357910156,73.54176330566406
2023-05-30,80.6347885131836,99.76669311523438,106.92159271240234,73.68624114990234
2023-05-31,80.65235137939453,99.89582824707031,107.1507797241211,73.75850677490234
2023-06-01,80.69733428955078,100.05587005615234,107.45391082763672,73.87344360351562
2023-06-02,80.7061767578125,99.5655746459961,106.79259490966797,73.66524505615234
2023-06-05,80.7061767578125,99.695068359375,106.82933044433594,73.683349609375
2023-06-06,80.72383117675781,99.75057220458984,106.79259490966797,73.64714813232422
2023-06-07,80.7326431274414,99.28803253173828,106.39763641357422,73.59282684326172
2023-06-08,80.77677154541016,99.7783203125,106.82933044433594,73.71051788330078
2023-06-09,80.78558349609375,99.50079345703125,106.4894790649414,73.57473754882812
2023-06-12,80.7944107055664,99.58406829833984,106.66399383544922,73.6380844116211
2023-06-13,80.81207275390625,99.07527923583984,106.14965057373047,73.50232696533203
2023-06-14,80.82971954345703,99.32504272460938,106.11289978027344,73.45706939697266
2023-06-15,80.86503601074219,99.9541015625,106.65478515625,73.61094665527344
2023-06-16,80.87383270263672,99.695068359375,106.29659271240234,73.51139068603516
2023-06-20,80.8915023803711,99.90782165527344,106.46192169189453,73.53853607177734
2023-06-21,80.8915023803711,99.91708374023438,106.50782775878906,73.53853607177734
2023-06-22,80.92678833007812,99.5655746459961,106.1679916381836,73.45706939697266
2023-06-23,80.93560791015625,99.80607604980469,106.35169982910156,73.52041625976562
2023-06-26,80.94444274902344,99.8523178100586,106.55377197265625,73.57473754882812
2023-06-27,80.96206665039062,99.57482147216797,106.25067901611328,73.46610260009766
2023-06-28,80.97091674804688,99.7783203125,106.52622985839844,73.54759216308594
2023-06-29,80.99739074707031,99.12152862548828,105.83735656738281,73.36653900146484
2023-06-30,81.02387237548828,99.55631256103516,105.86491394042969,73.39369201660156
2023-07-03,81.04421997070312,99.43920135498047,105.57225799560547,73.30840301513672
2023-07-05,81.0531005859375,98.96519470214844,105.35138702392578,73.29022216796875
2023-07-06,81.07966613769531,98.44470977783203,104.86365509033203,73.24488830566406
2023-07-07,81.08850860595703,98.37965393066406,104.90966796875,73.32654571533203
2023-07-10,81.10625457763672,98.61199188232422,105.39742279052734,73.4354476928711
2023-07-11,81.1151123046875,98.50049591064453,105.4250259399414,73.42638397216797
2023-07-12,81.1328353881836,99.5879135131836,106.19802856445312,73.6441879272461
2023-07-13,81.1682357788086,100.09908294677734,106.87902069091797,73.8528823852539
2023-07-14,81.1771240234375,99.56929016113281,106.40049743652344,73.66230773925781
2023-07-17,81.18599700927734,99.75521087646484,106.52934265136719,73.68954467773438
2023-07-18,81.18599700927734,99.708740234375,106.55692291259766,73.68954467773438
2023-07-19,81.20372772216797,100.05261993408203,106.72261047363281,73.71676635742188
2023-07-20,81.24803924560547,100.01545715332031,106.23485565185547,73.62600708007812
2023-07-21,81.24803924560547,100.01545715332031,106.23485565185547,73.63509368896484
2023-07-24,81.25688171386719,100.06192016601562,106.01399230957031,73.54434204101562
2023-07-25,81.26573944091797,99.88534545898438,105.90354919433594,73.5352554321289
2023-07-26,81.27459716796875,99.9225082397461,106.17963409423828,73.60786437988281
2023-07-27,81.31888580322266,99.1882553100586,105.58146667480469,73.49896240234375
2023-07-28,81.32775115966797,99.56929016113281,105.84834289550781,73.5987777709961
2023-07-31,81.33660888671875,99.59719848632812,105.94035339355469,73.61695098876953
2023-08-01,81.35796356201172,99.00209045410156,105.6434555053711,73.5550765991211
2023-08-02,81.36688232421875,98.82512664794922,105.63421630859375,73.59144592285156
2023-08-03,81.40247344970703,98.2104263305664,105.36680603027344,73.61878204345703
2023-08-04,81.42024993896484,99.160400390625,106.0491714477539,73.76435089111328
2023-08-07,81.42024993896484,99.2442398071289,105.99384307861328,73.7916259765625
2023-08-08,81.43803405761719,99.2256088256836,106.24281311035156,73.82803344726562
2023-08-09,81.44696044921875,99.17903137207031,106.18749237060547,73.78253936767578
2023-08-10,81.4914779663086,98.66679382324219,105.79100036621094,73.74614715576172
2023-08-11,81.50035858154297,98.5270767211914,105.4036865234375,73.67333984375
2023-08-14,81.5092544555664,98.32218933105469,105.21007537841797,73.60965728759766
2023-08-15,81.51812744140625,98.01484680175781,105.17320251464844,73.636962890625
2023-08-16,81.53594970703125,97.72614288330078,104.97032165527344,73.6005630493164
2023-08-17,81.57154846191406,97.69820404052734,105.0256576538086,73.68245697021484
2023-08-18,81.5804214477539,97.8658447265625,105.17320251464844,73.70976257324219
2023-08-21,81.58935546875,97.60505676269531,104.81356811523438,73.62787628173828
2023-08-22,81.5982437133789,97.772705078125,104.73981475830078,73.59144592285156
2023-08-23,81.61602020263672,98.65748596191406,105.32996368408203,73.72793579101562
2023-08-24,81.6427230834961,98.2104263305664,105.12708282470703,73.68245697021484
2023-08-25,81.6604995727539,98.19181060791016,105.01641845703125,73.636962890625
2023-08-28,81.6783218383789,98.2476806640625,105.19163513183594,73.68245697021484
2023-08-29,81.6694107055664,98.73200225830078,105.73566436767578,73.84622955322266
2023-08-30,81.68720245361328,98.58296203613281,105.71720886230469,73.84622955322266
2023-08-31,81.74058532714844,98.78787231445312,105.91085815429688,73.91902923583984
2023-09-01,81.7540283203125,98.27685546875,105.58932495117188,73.87889862060547
2023-09-05,81.77191162109375,98.08067321777344,105.31214904785156,73.78766632080078
2023-09-06,81.77191162109375,97.93122100830078,105.01646423339844,73.70558166503906
2023-09-07,81.81658172607422,98.28620910644531,105.33060455322266,73.84239959716797
2023-09-08,81.82552337646484,98.51041412353516,105.27519989013672,73.80591583251953
2023-09-11,81.82552337646484,98.41697692871094,105.22896575927734,73.82415008544922
2023-09-12,81.85235595703125,98.46369934082031,105.22896575927734,73.78766632080078
2023-09-13,81.86127471923828,98.594482421875,105.36756134033203,73.85150909423828
2023-09-14,81.88806915283203,98.43567657470703,105.2474594116211,73.83329010009766
2023-09-15,81.90595245361328,98.19276428222656,105.0718994140625,73.79679870605469
2023-09-18,81.91490173339844,98.3983154296875,105.06267547607422,73.78766632080078
2023-09-19,81.923828125,98.1180648803711,104.83168029785156,73.73296356201172
2023-09-20,81.93278503417969,97.91250610351562,104.7208023071289,73.68732452392578
2023-09-21,81.97745513916016,97.39869689941406,104.46209716796875,73.72380065917969
2023-09-22,81.98640441894531,97.73503112792969,104.7208023071289,73.79679870605469
2023-09-25,81.99531555175781,96.99701690673828,104.47134399414062,73.76942443847656
2023-09-26,82.0042724609375,96.75411224365234,104.45285034179688,73.77855682373047
2023-09-27,82.03108978271484,96.5953140258789,104.18489837646484,73.72380065917969
2023-09-28,82.0578842163086,97.09044647216797,104.49903106689453,73.85150909423828
2023-09-29,82.06684112548828,96.89425659179688,104.55448913574219,73.86065673828125
2023-10-02,82.07942199707031,96.3056869506836,104.12207794189453,73.78654479980469
2023-10-03,82.09735107421875,95.62260437011719,103.71465301513672,73.731689453125
2023-10-04,82.10633087158203,96.0436782836914,104.14057922363281,73.89632415771484
2023-10-05,82.16019439697266,95.90330505371094,104.36280059814453,73.96947479248047
2023-10-06,82.16019439697266,95.55709838867188,104.01095581054688,73.90544128417969
2023-10-09,82.1691665649414,96.50218963623047,104.85355377197266,74.12494659423828
2023-10-10,82.1691665649414,96.53961181640625,104.67764282226562,74.0792236328125
2023-10-11,82.18712615966797,96.97005462646484,104.81652069091797,74.06095123291016
2023-10-12,82.22303009033203,96.35248565673828,104.34430694580078,73.96947479248047
2023-10-13,82.24097442626953,96.97940826416016,104.6128158569336,74.01522064208984
2023-10-16,82.24993896484375,96.69868469238281,104.30725860595703,73.96947479248047
2023-10-17,82.2589340209961,96.2308120727539,103.63131713867188,73.80486297607422
2023-10-18,82.26792907714844,96.02495574951172,103.39984893798828,73.80486297607422
2023-10-19,82.30381774902344,95.94074249267578,103.3442611694336,73.90544128417969
2023-10-20,82.32176971435547,96.2308120727539,103.78874206542969,74.02436065673828
2023-10-23,82.33073425292969,96.24952697753906,104.02947998046875,74.07008361816406
2023-10-24,82.3397216796875,96.333740234375,104.02019500732422,74.05180358886719
2023-10-25,82.34867095947266,95.931396484375,103.59430694580078,73.96947479248047
2023-10-26,82.38459777832031,96.446044921875,104.10354614257812,74.11579132080078
2023-10-27,82.4115219116211,96.5864028930664,104.27948760986328,74.16154479980469
2023-10-30,82.42049407958984,96.43669128417969,104.07577514648438,74.13410949707031
2023-10-31,82.42049407958984,96.19339752197266,103.97391510009766,74.10663604736328
2023-11-01,82.44576263427734,97.03174591064453,104.67472076416016,74.27177429199219
2023-11-02,82.47278594970703,97.47349548339844,104.85108184814453,74.28091430664062
2023-11-03,82.4818115234375,97.97161102294922,105.5008316040039,74.48268127441406
2023-11-06,82.49081420898438,97.7178726196289,105.0831527709961,74.34513854980469
2023-11-07,82.50886535644531,97.98102569580078,105.36161041259766,74.40015411376953
2023-11-08,82.51789093017578,98.19718170166016,105.4822769165039,74.38180541992188
2023-11-09,82.56297302246094,97.3701171875,104.90677642822266,74.27177429199219
2023-11-10,82.57199096679688,97.4076919555664,104.90677642822266,74.29010772705078
2023-11-13,82.58100128173828,97.3419189453125,104.95317840576172,74.31761932373047
2023-11-14,82.59000396728516,98.14080047607422,105.9834976196289,74.611083984375
2023-11-15,82.6080322265625,97.7178726196289,105.5008316040039,74.4735336303711
2023-11-16,82.64412689208984,98.07501983642578,106.0020751953125,74.6019287109375
2023-11-17,82.6621322631836,98.17838287353516,105.91851806640625,74.54688262939453
2023-11-20,82.6621322631836,98.46975708007812,105.9834976196289,74.55606079101562
2023-11-21,82.68920135498047,98.26297760009766,106.12274932861328,74.6019287109375
2023-11-22,82.72522735595703,98.3569564819336,106.05776977539062,74.611083984375
2023-11-24,82.7342529296875,97.94342803955078,105.79788208007812,74.55606079101562
2023-11-27,82.74329376220703,98.26297760009766,106.22486114501953,74.64777374267578
2023-11-28,82.76131439208984,98.64832305908203,106.65181732177734,74.78536224365234
2023-11-29,82.77034759521484,99.04306030273438,107.00454711914062,74.93209838867188
2023-11-30,82.80638885498047,98.86450958251953,106.78179168701172,74.8862533569336
2023-12-01,82.82362365722656,99.36949920654297,107.41910552978516,75.10429382324219
2023-12-04,82.82362365722656,98.95494079589844,107.08415985107422,74.9938735961914
2023-12-05,82.84172058105469,99.49198913574219,107.48424530029297,75.08590698242188
2023-12-06,82.85077667236328,99.5956039428711,107.6145248413086,75.0674819946289
2023-12-07,82.88701629638672,99.51083374023438,107.6145248413086,75.12266540527344
2023-12-08,82.90511322021484,99.38833618164062,107.08415985107422,74.95706939697266
2023-12-11,82.92323303222656,99.18106079101562,107.09347534179688,74.9754638671875
2023-12-12,82.92323303222656,99.1245346069336,107.23302459716797,74.98468780517578
2023-12-13,82.93228912353516,100.47181701660156,108.37748718261719,75.36184692382812
2023-12-14,82.96853637695312,101.57414245605469,108.85504913330078,75.49107360839844
2023-12-15,82.99569702148438,101.404541015625,108.71515655517578,75.40801239013672
2023-12-18,83.0057144165039,101.10307312011719,108.58454895019531,75.39876556396484
2023-12-19,83.0057144165039,101.16901397705078,108.67784118652344,75.42648315429688
2023-12-20,83.02391052246094,101.57414245605469,109.04163360595703,75.52796936035156
2023-12-21,83.07850646972656,101.404541015625,109.04163360595703,75.60179901123047
2023-12-22,83.08761596679688,101.20670318603516,109.03227996826172,75.62947082519531
2023-12-26,83.1058120727539,101.26323699951172,109.00428771972656,75.59256744384766
2023-12-27,83.1058120727539,101.72489166259766,109.48001861572266,75.68485260009766
2023-12-28,83.16040802001953,101.39513397216797,109.28411865234375,75.6756362915039
2023-12-29,83.16040802001953,101.27265930175781,109.25614166259766,75.71255493164062
2024-01-02,83.16947937011719,101.13130950927734,108.93901062011719,75.6202621459961
2024-01-03,83.19682312011719,101.29150390625,109.08822631835938,75.63871002197266
2024-01-04,83.2240982055664,100.82041931152344,108.74313354492188,75.59256744384766
2024-01-05,83.23319244384766,100.59429168701172,108.55655670166016,75.5741195678711
2024-01-08,83.24230194091797,100.86751556396484,108.78043365478516,75.63871002197266
2024-01-09,83.25138092041016,100.66968536376953,108.80840301513672,75.65716552734375
2024-01-10,83.26959991455078,100.58486938476562,108.74313354492188,75.65716552734375
2024-01-11,83.31507873535156,101.1219253540039,109.22816467285156,75.83252716064453
2024-01-12,83.33331298828125,101.55531311035156,109.50799560546875,75.9894027709961
2024-01-16,83.3424072265625,101.03712463378906,109.04163360595703,75.86943817138672
2024-01-17,83.36058044433594,100.72620391845703,108.66847229003906,75.7217788696289
2024-01-18,83.39698791503906,100.75448608398438,108.61253356933594,75.75871276855469
2024-01-19,83.40611267089844,100.829833984375,108.55655670166016,75.70332336425781
2024-01-22,83.41516876220703,100.87696075439453,108.74313354492188,75.74024200439453
2024-01-23,83.42427825927734,100.54720306396484,108.62186431884766,75.73100280761719
2024-01-24,83.43341827392578,100.31165313720703,108.44463348388672,75.69409942626953
2024-01-25,83.47887420654297,100.65082550048828,108.79908752441406,75.83252716064453
2024-01-26,83.48796081542969,100.5566177368164,108.6591567993164,75.786376953125
2024-01-29,83.4970703125,100.99942779541016,109.01361083984375,75.86019897460938
2024-01-30,83.50619506835938,100.95231628417969,108.92967987060547,75.81405639648438
2024-01-31,83.5152816772461,101.61182403564453,109.59193420410156,75.95250701904297
2024-02-01,83.55731201171875,101.79083251953125,109.90705108642578,76.06543731689453
2024-02-02,83.57561492919922,100.81098937988281,109.00941467285156,75.82477569580078
2024-02-05,83.57561492919922,100.24568939208984,108.40162658691406,75.6766586303711
2024-02-06,83.59387969970703,100.58486938476562,108.79434967041016,75.79698944091797
2024-02-07,83.60303497314453,100.39645385742188,108.67279052734375,75.76923370361328
2024-02-08,83.63960266113281,100.32107543945312,108.4764175415039,75.75071716308594
2024-02-09,83.64871978759766,100.17975616455078,108.36421966552734,75.72295379638672
2024-02-12,83.66700744628906,100.2174301147461,108.44837188720703,75.73219299316406
2024-02-13,83.66700744628906,99.57677459716797,107.58811950683594,75.49154663085938
2024-02-14,83.68528747558594,100.000732421875,107.91539764404297,75.60262298583984
2024-02-15,83.73099517822266,100.12321472167969,108.10242462158203,75.6766586303711
2024-02-16,83.74925231933594,100.01959228515625,107.77513122558594,75.5841064453125
2024-02-20,83.75840759277344,100.0666732788086,107.97149658203125,75.6303939819336
2024-02-21,83.76754760742188,99.95364379882812,107.72837829589844,75.56560516357422
2024-02-22,83.8132553100586,99.82172393798828,107.6722640991211,75.55635070800781
2024-02-23,83.82237243652344,100.07611846923828,107.87799072265625,75.59335327148438
2024-02-26,83.82237243652344,100.03844451904297,107.77513122558594,75.537841796875
2024-02-27,83.8406753540039,99.91593170166016,107.69094848632812,75.537841796875
2024-02-28,83.84980773925781,100.23627471923828,107.95278930664062,75.61186981201172
2024-02-29,83.8863754272461,100.54720306396484,108.08367919921875,75.65817260742188
2024-03-01,83.90929412841797,100.92404174804688,108.4726791381836,75.80670166015625
2024-03-04,83.9184799194336,100.83926391601562,108.29459381103516,75.73241424560547
2024-03-05,83.9184799194336,101.30091094970703,108.63201141357422,75.78811645507812
2024-03-06,83.93684387207031,101.33859252929688,108.735107421875,75.80670166015625
2024-03-07,83.97351837158203,101.28207397460938,108.94132995605469,75.8995132446289
2024-03-08,83.98271942138672,101.36685943603516,109.05380249023438,75.9366455078125
2024-03-11,83.99188232421875,101.18785858154297,108.9038314819336,75.8716812133789
2024-03-12,84.0194091796875,100.99002075195312,108.60389709472656,75.79741668701172
2024-03-13,84.0194091796875,100.84868621826172,108.44454193115234,75.76026916503906
2024-03-14,84.05609130859375,100.23627471923828,108.0040283203125,75.6952896118164
2024-03-15,84.07444763183594,100.17034149169922,107.84469604492188,75.64888000488281
2024-03-18,84.08364868164062,100.07611846923828,107.76034545898438,75.65817260742188
2024-03-19,84.10198211669922,100.2174301147461,107.99466705322266,75.72315216064453
2024-03-20,84.11116027832031,100.6131362915039,108.24771881103516,75.84382629394531
2024-03-21,84.1386947631836,100.79216003417969,108.25711059570312,75.84382629394531
2024-03-22,84.14785766601562,101.14076232910156,108.54764556884766,75.8995132446289
2024-03-25,84.16621398925781,100.82041931152344,108.40706634521484,75.86239624023438
2024-03-26,84.17537689208984,100.84868621826172,108.48204803466797,75.88096618652344
2024-03-27,84.23043823242188,101.15959167480469,108.7070083618164,75.9645004272461
2024-03-28,84.23043823242188,101.19729614257812,108.54764556884766,75.91807556152344
2024-04-01,84.25347900390625,100.54207611083984,108.02701568603516,75.75975036621094
2024-04-02,84.27191925048828,100.57035827636719,107.9988021850586,75.7970199584961
2024-04-03,84.27191925048828,100.57035827636719,108.08341217041016,75.8529052734375
2024-04-04,84.30876922607422,100.94746398925781,108.318359375,75.92737579345703
2024-04-05,84.32720184326172,100.52322387695312,107.87665557861328,75.80632781982422
2024-04-08,84.33644104003906,100.48552703857422,107.6793212890625,75.73179626464844
2024-04-09,84.34563446044922,100.7494888305664,107.92362976074219,75.80632781982422
2024-04-10,84.36405944824219,99.77848052978516,106.88987731933594,75.49894714355469
2024-04-11,84.39170837402344,99.69361877441406,106.90868377685547,75.59210968017578
2024-04-12,84.40093231201172,100.04244995117188,107.18122863769531,75.6386489868164
2024-04-15,84.41937255859375,99.72190856933594,106.84291076660156,75.6107406616211
2024-04-16,84.42860412597656,99.31653594970703,106.59857177734375,75.56414031982422
2024-04-17,84.43780517578125,99.70307159423828,106.96508026123047,75.62004089355469
2024-04-18,84.48387908935547,99.57109069824219,106.72071838378906,75.58280181884766
2024-04-19,84.49310302734375,99.72190856933594,106.80535125732422,75.60143280029297
2024-04-22,84.51153564453125,99.73135375976562,106.84291076660156,75.6386489868164
2024-04-23,84.52074432373047,99.82559967041016,107.002685546875,75.7038803100586
2024-04-24,84.52074432373047,99.61820220947266,106.87108612060547,75.6759262084961
2024-04-25,84.56683349609375,99.4673843383789,106.61737060546875,75.62004089355469
2024-04-26,84.56683349609375,99.72190856933594,106.73953247070312,75.6386489868164
2024-04-29,84.58526611328125,99.96703338623047,106.93688201904297,75.6759262084961
2024-04-30,84.59446716308594,99.4862289428711,106.66435241699219,75.58280181884766
2024-05-01,84.61113739013672,99.65039825439453,106.95267486572266,75.7341537475586
2024-05-02,84.65741729736328,100.01099395751953,107.36725616455078,75.8462905883789
2024-05-03,84.66666412353516,100.52345275878906,107.76300811767578,75.9677734375
2024-05-06,84.66666412353516,100.57090759277344,107.7912826538086,75.95841979980469
2024-05-07,84.67591094970703,100.55191802978516,107.8949203491211,75.9677734375
2024-05-08,84.69444274902344,100.43804168701172,107.78185272216797,75.94908142089844
2024-05-09,84.74070739746094,100.79865264892578,107.96087646484375,76.01446533203125
2024-05-10,84.74070739746094,100.6373291015625,107.76300811767578,75.94908142089844
2024-05-13,84.75921630859375,100.67530059814453,107.81009674072266,75.9677734375
2024-05-14,84.7684555053711,100.86508178710938,108.01741790771484,76.04251861572266
2024-05-15,84.7777328491211,101.37748718261719,108.5450439453125,76.18268585205078
2024-05-16,84.81475067138672,101.23516845703125,108.36602783203125,76.12661743164062
2024-05-17,84.82402038574219,101.14026641845703,108.18700408935547,76.07989501953125
2024-05-20,84.84251403808594,101.10231018066406,108.1021957397461,76.06121826171875
2024-05-21,84.8517837524414,101.29209899902344,108.26238250732422,76.0986099243164
2024-05-22,84.87028503417969,101.27312469482422,108.1021957397461,76.04251861572266
2024-05-23,84.92581939697266,100.8840560913086,107.87605285644531,76.0051498413086
2024-05-24,84.93507385253906,101.00741577148438,107.8949203491211,76.03317260742188
2024-05-28,84.92581939697266,100.70375061035156,107.63107299804688,75.9677734375
2024-05-29,84.94432067871094,100.46650695800781,107.3860855102539,75.93973541259766
2024-05-30,84.96283721923828,100.85558319091797,107.68760681152344,76.02381134033203
2024-05-31,84.98133087158203,101.25415802001953,108.06451416015625,76.12661743164062
2024-06-03,84.99526977539062,101.68124389648438,108.43199920654297,76.2128677368164
2024-06-04,85.01388549804688,101.99655151367188,108.7909927368164,76.28785705566406
2024-06-05,85.02317810058594,102.25450897216797,109.01770782470703,76.36286163330078
2024-06-06,85.03247833251953,102.16851806640625,109.04603576660156,76.37222290039062
2024-06-07,85.06967163085938,101.32772064208984,108.3186264038086,76.17536926269531
2024-06-10,85.08824157714844,101.18441009521484,108.23362731933594,76.18473815917969
2024-06-11,85.0975570678711,101.46147918701172,108.56425476074219,76.26908874511719
2024-06-12,85.11614227294922,101.6143569946289,108.94212341308594,76.37222290039062
2024-06-13,85.12542724609375,102.01564025878906,109.38613891601562,76.49409484863281
2024-06-14,85.17191314697266,102.13986206054688,109.46172332763672,76.50347137451172
2024-06-17,85.18121337890625,101.99655151367188,109.16883850097656,76.42847442626953
2024-06-18,85.19981384277344,102.40738677978516,109.4711685180664,76.5315933227539
2024-06-20,85.21839141845703,102.42650604248047,109.33888244628906,76.50347137451172
2024-06-21,85.24628448486328,102.27363586425781,109.35779571533203,76.5315933227539
2024-06-24,85.26487731933594,102.33096313476562,109.38613891601562,76.54094696044922
2024-06-25,85.26487731933594,102.45518493652344,109.45226287841797,76.55034637451172
2024-06-26,85.2741928100586,102.14942932128906,109.0838394165039,76.47533416748047
2024-06-27,85.29277038574219,102.34053039550781,109.25389099121094,76.5315933227539
2024-06-28,85.32066345214844,102.02521514892578,109.0838394165039,76.54094696044922
2024-07-01,85.35053253173828,101.619384765625,108.66802978515625,76.4751205444336
2024-07-02,85.35986328125,101.81127166748047,108.88587951660156,76.54094696044922
2024-07-03,85.38787841796875,102.21422576904297,109.3026351928711,76.65382385253906
2024-07-05,85.41587829589844,102.67472076416016,109.73834228515625,76.79490661621094
2024-07-08,85.43456268310547,102.6363525390625,109.71936798095703,76.7854995727539
2024-07-09,85.43456268310547,102.48284149169922,109.69094848632812,76.76670837402344
2024-07-10,85.45323944091797,102.67472076416016,109.7288589477539,76.79490661621094
2024-07-11,85.46256256103516,102.98173522949219,110.23085021972656,76.97359466552734
2024-07-12,85.49992370605469,103.14483642578125,110.43922424316406,77.08647155761719
2024-07-15,85.51858520507812,103.07766723632812,110.34449768066406,77.08647155761719
2024-07-16,85.51858520507812,103.3942642211914,110.54341125488281,77.11470031738281
2024-07-17,85.54660034179688,103.4326400756836,110.60025787353516,77.12408447265625
2024-07-18,85.55593872070312,103.20238494873047,110.42974090576172,77.08647155761719
2024-07-19,85.58392333984375,102.95292663574219,110.24031066894531,77.04884338378906
2024-07-22,85.60263061523438,102.82820892333984,110.1834945678711,77.0582504272461
2024-07-23,85.60263061523438,102.77066802978516,110.25927734375,77.09587860107422
2024-07-24,85.63063049316406,102.46365356445312,110.25927734375,77.13349914550781
2024-07-25,85.63063049316406,102.71308898925781,110.34449768066406,77.14290618896484
2024-07-26,85.67729187011719,103.0392837524414,110.68550109863281,77.24634552001953
2024-07-29,85.67729187011719,103.14483642578125,110.76127624511719,77.25576782226562
2024-07-30,85.6866226196289,103.22156524658203,110.9128189086914,77.28398895263672
2024-07-31,85.70531463623047,103.7876205444336,111.45268249511719,77.44388580322266
2024-08-01,85.72593688964844,103.92504119873047,111.81832885742188,77.5778579711914
2024-08-02,85.77281951904297,104.42472076416016,113.01495361328125,78.011962890625
2024-08-05,85.77281951904297,104.72261047363281,113.01495361328125,77.99308013916016
2024-08-06,85.79156494140625,104.11724090576172,112.44512939453125,77.89871978759766
2024-08-07,85.8103256225586,103.80010223388672,112.28369140625,77.85152435302734
2024-08-08,85.8197021484375,103.70401000976562,112.04625701904297,77.81378936767578
2024-08-09,85.8384780883789,103.97309112548828,112.23621368408203,77.83265686035156
2024-08-12,85.86659240722656,104.25175476074219,112.48312377929688,77.87982940673828
2024-08-13,85.87598419189453,104.4727783203125,112.80602264404297,78.00253295898438
2024-08-14,85.88534545898438,104.41512298583984,112.83451843261719,77.99308013916016
2024-08-15,85.89472198486328,104.19409942626953,112.29316711425781,77.80433654785156
2024-08-16,85.9416275024414,104.1556625366211,112.44512939453125,77.88929748535156
2024-08-19,85.9416275024414,104.2229232788086,112.48312377929688,77.87039947509766
2024-08-20,85.9603500366211,104.63612365722656,112.75853729248047,77.98365783691406
2024-08-21,85.97911071777344,104.86675262451172,112.99596405029297,78.06858825683594
2024-08-22,85.97911071777344,104.54002380371094,112.66356658935547,77.96477508544922
2024-08-23,86.01663970947266,105.09738159179688,113.07194519042969,78.1440658569336
2024-08-26,86.02599334716797,105.10697937011719,112.95797729492188,78.10631561279297
2024-08-27,86.04475402832031,105.10697937011719,113.03395080566406,78.15351104736328
2024-08-28,86.05414581298828,105.09738159179688,113.01495361328125,78.1440658569336
2024-08-29,86.05414581298828,104.95325469970703,112.88199615478516,78.13465118408203
2024-08-30,86.10102081298828,104.61692810058594,112.7490463256836,78.13465118408203
2024-09-03,86.13492584228516,104.828369140625,113.13948059082031,78.21796417236328
2024-09-04,86.14436340332031,105.10712432861328,113.5870361328125,78.38839721679688
2024-09-05,86.15376281738281,105.17439270019531,113.6917953491211,78.41682434082031
2024-09-06,86.20085906982422,105.24169158935547,113.94889831542969,78.55886840820312
2024-09-09,86.20085906982422,105.48199462890625,113.99652099609375,78.56832122802734
2024-09-10,86.22909545898438,105.7126693725586,114.33932495117188,78.68196105957031
2024-09-11,86.22909545898438,105.77996826171875,114.22505187988281,78.61567687988281
2024-09-12,86.23851776123047,105.79917907714844,114.12983703613281,78.62515258789062
2024-09-13,86.28562927246094,106.15484619140625,114.34886932373047,78.73880004882812
2024-09-16,86.304443359375,106.52006530761719,114.49169921875,78.7861557006836
2024-09-17,86.31387329101562,106.48163604736328,114.3678970336914,78.72932434082031
2024-09-18,86.33268737792969,106.0875473022461,114.12033081054688,78.70091247558594
2024-09-19,86.35155487060547,106.40473175048828,114.12983703613281,78.76718139648438
2024-09-20,86.38921356201172,106.26057434082031,114.14888000488281,78.79560852050781
2024-09-23,86.39862060546875,106.27015686035156,114.09175109863281,78.79560852050781
2024-09-24,86.40804290771484,106.52970123291016,114.2536392211914,78.8713607788086
2024-09-25,86.42687225341797,106.12599182128906,114.02508544921875,78.8050765991211
2024-09-26,86.42687225341797,105.99140930175781,113.87271118164062,78.72932434082031
2024-09-27,86.45513916015625,106.25094604492188,114.19650268554688,78.85240936279297
2024-09-30,86.46455383300781,106.18367767333984,113.90128326416016,78.73880004882812
2024-10-01,86.48441314697266,106.53199005126953,114.14476013183594,78.78913116455078
2024-10-02,86.4938735961914,106.43577575683594,114.00154113769531,78.7701416015625
2024-10-03,86.51277923583984,105.98350524902344,113.6291732788086,78.66564178466797
2024-10-04,86.53167724609375,105.2618179321289,112.76986694335938,78.39960479736328
2024-10-07,86.55059814453125,105.14633178710938,112.52161407470703,78.29510498046875
2024-10-08,86.55059814453125,105.3195571899414,112.60755157470703,78.36160278320312
2024-10-09,86.56005096435547,105.1270980834961,112.34974670410156,78.28560638427734
2024-10-10,86.56951141357422,105.33879089355469,112.42613983154297,78.35209655761719
2024-10-11,86.61679077148438,105.34842681884766,112.51207733154297,78.41861724853516
2024-10-14,86.60733032226562,105.24256896972656,112.35931396484375,78.38059997558594
2024-10-15,86.63571166992188,105.35804748535156,112.6552963256836,78.41861724853516
2024-10-16,86.63571166992188,105.37728118896484,112.75076293945312,78.46610260009766
2024-10-17,86.65460968017578,105.05974578857422,112.4643325805664,78.39960479736328
2024-10-18,86.68299102783203,105.23294830322266,112.5979995727539,78.46610260009766
2024-10-21,86.701904296875,104.47274780273438,112.11106872558594,78.35209655761719
2024-10-22,86.71133422851562,104.61710357666016,112.04421997070312,78.34259796142578
2024-10-23,86.71133422851562,104.35728454589844,111.84371948242188,78.29510498046875
2024-10-24,86.72080993652344,104.463134765625,111.94876098632812,78.33309173583984
2024-10-25,86.75863647460938,104.18407440185547,111.83416748046875,78.30461120605469
2024-10-28,86.75863647460938,103.98200988769531,111.65277862548828,78.2665786743164
2024-10-29,86.77753448486328,104.13597869873047,111.70050048828125,78.29510498046875
2024-10-30,86.78699493408203,104.33805847167969,111.48089599609375,78.22860717773438
2024-10-31,86.8059310913086,104.22257995605469,111.48089599609375,78.24759674072266
2024-11-01,86.84293365478516,103.77861022949219,111.17452239990234,78.22187805175781
2024-11-04,86.86190795898438,103.95195007324219,111.50004577636719,78.27906036376953
2024-11-05,86.86190795898438,104.04825592041016,111.43302154541016,78.2599868774414
2024-11-06,86.88089752197266,103.88453674316406,110.87774658203125,78.1646728515625
2024-11-07,86.89039611816406,104.2697525024414,111.43302154541016,78.29811096191406
2024-11-08,86.93785858154297,104.55867767333984,111.39473724365234,78.24092864990234
2024-11-11,86.92835235595703,104.21198272705078,111.15538787841797,78.1837158203125
2024-11-12,86.93785858154297,103.66304016113281,110.81072235107422,78.10746765136719
2024-11-13,86.95684814453125,103.47041320800781,110.94476318359375,78.22187805175781
2024-11-14,86.95684814453125,103.45116424560547,110.79155731201172,78.10746765136719
2024-11-15,86.98533630371094,103.48005676269531,110.93518829345703,78.19326782226562
2024-11-18,86.99481201171875,103.73045349121094,111.08836364746094,78.25045776367188
2024-11-19,87.02330780029297,103.89415740966797,111.21283721923828,78.25045776367188
2024-11-20,87.03278350830078,103.84602355957031,111.09795379638672,78.21233367919922
2024-11-21,87.04229736328125,103.71118927001953,111.02135467529297,78.19326782226562
2024-11-22,87.07076263427734,103.7882308959961,111.02135467529297,78.1837158203125
2024-11-25,87.08027648925781,104.35643005371094,111.67237854003906,78.33627319335938
2024-11-26,87.08027648925781,104.11567687988281,111.59579467773438,78.33627319335938
2024-11-27,87.1087417602539,104.44309997558594,111.8830337524414,78.38392639160156
2024-11-29,87.12772369384766,104.74163818359375,112.14153289794922,78.47926330566406
2024-12-02,87.15155029296875,104.68376922607422,112.10408020019531,78.47449493408203
2024-12-03,87.17059326171875,104.73200225830078,111.99847412109375,78.48403930664062
2024-12-04,87.18012237548828,105.03107452392578,112.23847198486328,78.57012176513672
2024-12-05,87.18965148925781,104.9056625366211,112.20967864990234,78.57012176513672
2024-12-06,87.22777557373047,104.99249267578125,112.47847747802734,78.64663696289062
2024-12-09,87.2373046875,104.7995376586914,112.29608154296875,78.61792755126953
2024-12-10,87.25634765625,104.76095581054688,112.1712646484375,78.60838317871094
2024-12-11,87.26587677001953,104.60660552978516,112.0177001953125,78.58926391601562
2024-12-12,87.2849349975586,104.26892852783203,111.8064956665039,78.55097961425781
2024-12-13,87.31352996826172,103.9795150756836,111.53770446777344,78.51272583007812
2024-12-16,87.32305145263672,103.86373138427734,111.54730224609375,78.52230072021484
2024-12-17,87.33258056640625,103.80585479736328,111.54730224609375,78.53186798095703
2024-12-18,87.33258056640625,103.14886474609375,110.91192626953125,78.38790130615234
2024-12-19,87.34500885009766,102.73340606689453,110.83489227294922,78.47427368164062
2024-12-20,87.38328552246094,102.93630981445312,111.03707885742188,78.48387908935547
2024-12-23,87.38328552246094,102.80104064941406,110.78677368164062,78.4359130859375
2024-12-24,87.40241241455078,103.03292846679688,110.83489227294922,78.47427368164062
2024-12-26,87.42155456542969,103.03292846679688,110.90229797363281,78.49347686767578
2024-12-27,87.4598159790039,102.77206420898438,110.80602264404297,78.51265716552734
2024-12-30,87.4598159790039,103.07156372070312,111.22960662841797,78.62782287597656
2024-12-31,87.47895812988281,102.94596862792969,111.2392349243164,78.67581939697266
2025-01-02,87.49808502197266,103.10055541992188,111.22960662841797,78.6566162109375
2025-01-03,87.5076675415039,102.88799285888672,111.10445404052734,78.6566162109375
2025-01-06,87.51724243164062,102.88799285888672,111.10445404052734,78.67581939697266
2025-01-07,87.53636169433594,102.72373962402344,110.8637924194336,78.62782287597656
2025-01-08,87.55550384521484,102.99427795410156,110.98892974853516,78.67581939697266
2025-01-10,87.5842056274414,102.62711334228516,110.40170288085938,78.53186798095703
2025-01-13,87.59378814697266,102.62711334228516,110.29579162597656,78.5510482788086
2025-01-14,87.61290740966797,102.665771484375,110.3728256225586,78.57025146484375
2025-01-15,87.62247467041016,103.38075256347656,111.06596374511719,78.74301147460938
2025-01-16,87.62247467041016,103.51599884033203,111.29701232910156,78.79097747802734
2025-01-17,87.67031860351562,103.55465698242188,111.24886322021484,78.77178192138672
2025-01-21,87.67031860351562,103.63195037841797,111.43177032470703,78.80058288574219
2025-01-22,87.68946075439453,103.51599884033203,111.2392349243164,78.7813720703125
2025-01-23,87.68946075439453,103.61261749267578,111.15261840820312,78.7813720703125
2025-01-24,87.72773742675781,103.79619598388672,111.33551025390625,78.8293685913086
2025-01-27,87.73728942871094,104.23097229003906,111.77836608886719,78.94453430175781
2025-01-28,87.73728942871094,104.29859161376953,111.797607421875,78.96372985839844
2025-01-29,87.74686431884766,104.17302703857422,111.70133972167969,78.91574096679688
2025-01-30,87.75643920898438,104.27928924560547,111.83610534667969,78.96372985839844
2025-01-31,87.7851333618164,104.35658264160156,111.797607421875,78.97332763671875
2025-02-03,87.81010437011719,104.59812927246094,111.74835205078125,78.9184341430664
2025-02-04,87.81010437011719,104.77204132080078,111.92213439941406,78.99546813964844
2025-02-05,87.81969451904297,105.23580932617188,112.25038146972656,79.0436019897461
2025-02-06,87.83892059326172,105.05224609375,112.14420318603516,79.01471710205078
2025-02-07,87.85810852050781,104.77204132080078,111.87387084960938,78.92807006835938
2025-02-10,87.86771392822266,104.82035064697266,111.8835220336914,78.96658325195312
2025-02-11,87.8773193359375,104.79135131835938,111.77730560302734,78.94733428955078
2025-02-12,87.88690948486328,104.16334533691406,111.29460906982422,78.84140014648438
2025-02-13,87.90613555908203,104.74305725097656,111.7097396850586,78.94733428955078
2025-02-14,87.93492889404297,104.936279296875,112.02833557128906,79.05323028564453
2025-02-18,87.9541244506836,104.59812927246094,111.72906494140625,78.98585510253906
2025-02-19,87.96372985839844,104.81067657470703,111.9124755859375,79.0436019897461
2025-02-20,87.98294067382812,105.02325439453125,112.02833557128906,79.05323028564453
2025-02-21,88.01172637939453,105.23580932617188,112.4338150024414,79.18804168701172
2025-02-24,88.0213394165039,105.46768188476562,112.59793853759766,79.2458267211914
2025-02-25,88.0213394165039,105.9121322631836,113.11927795410156,79.35173797607422
2025-02-26,88.04054260253906,105.99907684326172,113.3123779296875,79.38062286376953
2025-02-27,88.05014038085938,105.87348175048828,113.30269622802734,79.40951538085938
2025-02-28,88.06936645507812,106.6077651977539,113.71783447265625,79.55394744873047
2025-03-03,88.08765411376953,106.89762878417969,113.9443359375,79.60514068603516
2025-03-04,88.08765411376953,106.52082061767578,113.8378677368164,79.61479949951172
2025-03-05,88.09728240966797,105.97976684570312,113.4216537475586,79.52787017822266
2025-03-06,88.10691833496094,105.93144989013672,113.47004699707031,79.57615661621094
2025-03-07,88.14544677734375,105.75752258300781,113.39261627197266,79.56649017333984
