Date,BIL,TIP,IEI,IEF,TLH,TLT,SHY
2022-09-01,81.43118286132812,105.42195892333984,109.71097564697266,92.37334442138672,104.97535705566406,100.0915756225586,75.59071350097656
2022-09-02,81.44009399414062,106.0452880859375,110.20655059814453,92.89085388183594,105.54732513427734,100.65779876708984,75.75635528564453
2022-09-06,81.44009399414062,105.03470611572266,109.54264068603516,91.85582733154297,103.52279663085938,98.16463470458984,75.59071350097656
2022-09-07,81.448974609375,105.46916198730469,110.00080871582031,92.45651245117188,104.81194305419922,99.71717071533203,75.70112609863281
2022-09-08,81.46682739257812,104.88361358642578,109.71097564697266,92.11456298828125,104.22183990478516,98.6943130493164,75.6091079711914
2022-09-09,81.46682739257812,104.93082427978516,109.63614654541016,92.1238021850586,104.14014434814453,98.91349792480469,75.54467010498047
2022-09-12,81.4578857421875,104.61915588378906,109.58004760742188,91.90201568603516,103.66804504394531,98.10067749023438,75.53549194335938
2022-09-13,81.47572326660156,104.3074722290039,108.96290588378906,91.38453674316406,103.45016479492188,98.3290023803711,75.27774810791016
2022-09-14,81.47572326660156,104.57193756103516,108.86002349853516,91.43075561523438,103.55909729003906,98.66691589355469,75.21333312988281
2022-09-15,81.50244140625,104.04302978515625,108.58885955810547,91.11653900146484,103.17779541015625,98.60299682617188,75.13050079345703
2022-09-16,81.50244140625,103.60858154296875,108.75720977783203,91.19048309326172,102.75112915039062,97.78108215332031,75.16731262207031
2022-09-19,81.50244140625,103.13633728027344,108.52342987060547,90.93172454833984,102.72386169433594,98.0093765258789,75.08448791503906
2022-09-20,81.4935302734375,102.97577667236328,108.21484375,90.36803436279297,101.89771270751953,97.03221130371094,75.04765319824219
2022-09-21,81.51133728027344,103.1740951538086,108.27095031738281,90.72842407226562,103.03253936767578,98.65778350830078,74.98322296142578
2022-09-22,81.54695129394531,102.00296020507812,107.39198303222656,89.36074829101562,100.73566436767578,96.13722229003906,74.84516906738281
2022-09-23,81.54695129394531,101.5685043334961,107.21435546875,89.47162628173828,101.07157135009766,96.52991485595703,74.75314331054688
2022-09-26,81.5291519165039,99.94401550292969,106.27926635742188,87.98383331298828,99.2104721069336,94.68516540527344,74.58746337890625
2022-09-27,81.55587768554688,99.41513061523438,105.98941802978516,87.38316345214844,97.2767562866211,92.1919937133789,74.58746337890625
2022-09-28,81.56477355957031,101.17182922363281,107.43875122070312,89.35153198242188,100.11833953857422,95.27877807617188,74.90959167480469
2022-09-29,81.58257293701172,99.75511169433594,107.11146545410156,88.9356689453125,99.63717651367188,94.78562927246094,74.80836486816406
2022-09-30,81.58257293701172,99.07510375976562,106.85902404785156,88.70463562011719,98.91087341308594,93.56188201904297,74.74395751953125
2022-10-03,81.5602798461914,100.35012817382812,107.59127807617188,89.7574234008789,100.27459716796875,95.04854583740234,74.90798950195312
2022-10-04,81.58704376220703,100.74678802490234,107.7972640991211,89.94257354736328,100.11070251464844,94.78304290771484,74.93563079833984
2022-10-05,81.58704376220703,99.95346069335938,107.26351928710938,89.09072875976562,99.12753295898438,93.87680053710938,74.86188507080078
2022-10-06,81.60491180419922,99.6229019165039,106.89834594726562,88.59999084472656,98.69058990478516,93.35498809814453,74.76976013183594
2022-10-07,81.60491180419922,99.65123748779297,106.5144271850586,88.16484069824219,97.93498229980469,92.44871520996094,74.67759704589844
2022-10-10,81.61381530761719,99.08454895019531,106.28033447265625,87.64633178710938,96.79705047607422,91.0114974975586,74.64993286132812
2022-10-11,81.61381530761719,99.65123748779297,106.40203094482422,87.8685531616211,97.10655975341797,91.4142837524414,74.68679809570312
2022-10-12,81.61381530761719,99.84956359863281,106.66422271728516,88.15558624267578,97.46159362792969,91.86286163330078,74.76052856445312
2022-10-13,81.64057922363281,99.7362060546875,106.17730712890625,87.78521728515625,96.84255981445312,90.98404693603516,74.53935241699219
2022-10-14,81.64057922363281,99.82122802734375,105.90575408935547,87.29450225830078,96.22354888916016,90.2333984375,74.50247955322266
2022-10-17,81.64057922363281,100.09513854980469,106.0743179321289,87.3870849609375,96.01415252685547,89.79398345947266,74.5854263305664
2022-10-18,81.64057922363281,99.83067321777344,106.24287414550781,87.60926818847656,96.57857513427734,90.00452423095703,74.62229919433594
2022-10-19,81.64057922363281,99.32066345214844,105.62486267089844,86.69264221191406,95.09471130371094,88.3659439086914,74.48406219482422
2022-10-20,81.67626953125,99.2262191772461,105.18476104736328,86.04450225830078,93.92036437988281,86.85547637939453,74.40111541748047
2022-10-21,81.68516540527344,99.4812240600586,105.6529541015625,86.23895263671875,92.78244018554688,85.29010772705078,74.59465789794922
2022-10-24,81.67626953125,99.71735382080078,105.63423156738281,86.12782287597656,92.26353454589844,84.58522033691406,74.5761947631836
2022-10-25,81.67626953125,100.12345886230469,106.20540618896484,87.20188903808594,94.33001708984375,87.04769134521484,74.64993286132812
2022-10-26,81.69410705566406,99.97232818603516,106.45824432373047,87.64633178710938,95.38602447509766,88.30184173583984,74.71444702148438
2022-10-27,81.72086334228516,100.74678802490234,107.02007293701172,88.26670837402344,96.15071105957031,89.2264175415039,74.87110900878906
2022-10-28,81.7119369506836,100.6240234375,106.57996368408203,87.81297302246094,95.35872650146484,88.61309051513672,74.76052856445312
2022-10-31,81.7119369506836,100.48235321044922,106.3177719116211,87.41486358642578,94.88533782958984,87.98143005371094,74.64993286132812
2022-11-01,81.7190933227539,100.46349334716797,106.17053985595703,87.39907836914062,95.3863525390625,88.80368041992188,74.57699584960938
2022-11-02,81.74593353271484,100.23680877685547,106.07676696777344,87.2506103515625,95.00308990478516,88.41827392578125,74.54006958007812
2022-11-03,81.77275085449219,99.122314453125,105.7391357421875,86.87018585205078,94.65624237060547,87.94105529785156,74.40160369873047
2022-11-04,81.79064178466797,99.49067687988281,105.82354736328125,86.68457794189453,93.8257827758789,86.46361541748047,74.48468780517578
2022-11-07,81.78170013427734,99.61344909667969,105.60784912109375,86.37838745117188,93.05005645751953,85.60099792480469,74.42002868652344
2022-11-08,81.79064178466797,99.75511169433594,105.98298645019531,86.95366668701172,94.02658081054688,86.53701782226562,74.49390411376953
2022-11-09,81.83533477783203,99.5473403930664,106.31121063232422,87.2506103515625,94.22733306884766,86.82152557373047,74.61393737792969
2022-11-10,81.84429168701172,101.20015716552734,107.83985137939453,89.20848083496094,97.59490203857422,90.16184997558594,75.0201416015625
2022-11-11,81.83533477783203,101.14349365234375,107.70854949951172,89.02291107177734,97.39411163330078,89.83148193359375,75.00167846679688
2022-11-14,81.83533477783203,100.39735412597656,107.53976440429688,88.80949401855469,97.20246124267578,89.61125183105469,74.93706512451172
2022-11-15,81.85321807861328,101.04902648925781,108.01802825927734,89.46829223632812,98.27022552490234,91.06118774414062,75.01091003417969
2022-11-16,81.86216735839844,101.30404663085938,108.34626770019531,90.12710571289062,99.9676742553711,93.05252075195312,75.0201416015625
2022-11-17,81.88899230957031,100.61459350585938,107.9148941040039,89.51470184326172,99.11895751953125,92.07062530517578,74.9278335571289
2022-11-18,81.88899230957031,100.10456085205078,107.6335220336914,89.1991958618164,98.62615203857422,91.43743133544922,74.84471893310547
2022-11-21,81.89793395996094,100.63348388671875,107.59603881835938,89.14352416992188,98.77215576171875,91.82283020019531,74.8262939453125
2022-11-22,81.91581726074219,101.03961181640625,107.79295349121094,89.65390014648438,99.84903717041016,93.1259536743164,74.88166046142578
2022-11-23,81.93370819091797,101.59683990478516,108.11183166503906,90.13638305664062,101.02629852294922,94.75025177001953,74.94630432128906
2022-11-25,81.93370819091797,101.50240325927734,108.13058471679688,90.10855102539062,100.95330810546875,94.4290542602539,74.95552825927734
2022-11-28,81.9426498413086,101.26628112792969,108.13996124267578,90.14567565917969,101.10845184326172,94.6951904296875,74.97400665283203
2022-11-29,81.96947479248047,100.83181762695312,107.97112274169922,89.76522827148438,100.30533599853516,93.58480072021484,74.94630432128906
2022-11-30,81.96947479248047,102.32406616210938,108.7026596069336,90.572509765625,101.04456329345703,94.2730484008789,75.16786193847656
2022-12-01,81.98741149902344,103.42194366455078,109.36299896240234,91.56175231933594,103.43901824951172,97.28467559814453,75.32976531982422
2022-12-02,81.99639129638672,104.18788146972656,109.45691680908203,91.74768829345703,104.13462829589844,98.50811004638672,75.31124114990234
2022-12-05,82.00533294677734,103.11933135986328,108.69609069824219,90.8179702758789,103.14611053466797,97.12831115722656,75.0984878540039
2022-12-06,82.03225708007812,103.10042572021484,109.01544189453125,91.37578582763672,103.92412567138672,98.37931823730469,75.18172454833984
2022-12-07,82.03225708007812,103.54486846923828,109.63538360595703,92.17536926269531,105.63575744628906,100.69737243652344,75.33901977539062
2022-12-08,82.08605194091797,103.5165023803711,109.23148345947266,91.65474700927734,105.1415023803711,100.42139434814453,75.2649917602539
2022-12-09,82.07709503173828,102.53305053710938,108.90274047851562,90.97600555419922,103.30172729492188,97.80901336669922,75.22799682617188
2022-12-12,82.08605194091797,102.54251861572266,108.82758331298828,90.84585571289062,103.45731353759766,98.12175750732422,75.18172454833984
2022-12-13,82.08605194091797,102.8451156616211,109.46629333496094,91.66402435302734,104.573974609375,99.06920623779297,75.40376281738281
2022-12-14,82.11294555664062,102.58979797363281,109.6729507446289,91.91506958007812,105.05911254882812,99.49234771728516,75.41300201416016
2022-12-15,82.13088989257812,102.60782623291016,109.69365692138672,92.09392547607422,105.7246322631836,99.88055419921875,75.42322540283203
2022-12-16,82.13088989257812,102.0575942993164,109.67484283447266,91.86103820800781,104.87089538574219,98.76482391357422,75.49739074707031
2022-12-19,82.14078521728516,101.70658874511719,109.25144958496094,91.11578369140625,103.5123062133789,97.10507202148438,75.40465545654297
2022-12-20,82.14976501464844,101.67811584472656,108.90335083007812,90.45437622070312,102.04352569580078,95.3807601928711,75.40465545654297
2022-12-21,82.15875244140625,102.22834777832031,108.99742889404297,90.5661849975586,102.19039916992188,95.6204833984375,75.47884368896484
2022-12-22,82.21272277832031,101.66862487792969,108.92217254638672,90.53822326660156,102.2913818359375,95.60206604003906,75.43247985839844
2022-12-23,82.21272277832031,101.44096374511719,108.72456359863281,90.12834167480469,101.27239990234375,94.20047760009766,75.39540100097656
2022-12-27,82.21272277832031,100.97611236572266,108.21651458740234,89.37377166748047,99.72100830078125,92.33787536621094,75.29342651367188
2022-12-28,82.23970031738281,100.86226654052734,108.1412353515625,89.15951538085938,99.29872131347656,91.79383850097656,75.29342651367188
2022-12-29,82.27568817138672,101.2796859741211,108.33883666992188,89.59733581542969,100.13408660888672,92.83580017089844,75.3490219116211
2022-12-30,82.26669311523438,100.97611236572266,108.0942153930664,89.22471618652344,99.30789947509766,91.80304718017578,75.25633239746094
2023-01-03,82.27568817138672,101.33660888671875,108.41407012939453,89.92340087890625,100.90521240234375,93.5550308227539,75.32121276855469
2023-01-04,82.26669311523438,101.40303039550781,108.83746337890625,90.61272430419922,102.01597595214844,94.83673858642578,75.39540100097656
2023-01-05,82.29364776611328,101.43147277832031,108.65869140625,90.48230743408203,102.22711181640625,95.23321533203125,75.29342651367188
2023-01-06,82.28468322753906,102.36117553710938,109.59957122802734,91.64676666259766,103.73261260986328,96.98519897460938,75.58082580566406
2023-01-09,82.30268096923828,102.59832763671875,109.79712677001953,91.879638671875,104.22831726074219,97.50154876708984,75.6550064086914
2023-01-10,82.29364776611328,102.18091583251953,109.56192779541016,91.30208587646484,102.91559600830078,95.88790893554688,75.59009552001953
2023-01-11,82.29364776611328,102.6173095703125,109.89122009277344,91.88898468017578,104.17324829101562,97.44623565673828,75.6550064086914
2023-01-12,82.35662078857422,103.42366027832031,110.54981231689453,92.7087631225586,105.77972412109375,99.36417388916016,75.8218765258789
2023-01-13,82.36563873291016,102.6173095703125,110.20169830322266,92.21504211425781,104.990234375,98.432861328125,75.69209289550781
2023-01-17,82.36563873291016,102.32319641113281,110.14525604248047,91.92623138427734,104.64140319824219,97.79664611816406,75.73844909667969
2023-01-18,82.37461853027344,103.02522277832031,111.00143432617188,93.17451477050781,106.7986831665039,100.16638946533203,75.90533447265625
2023-01-19,82.41059875488281,103.66085052490234,110.83207702636719,92.99752807617188,106.41313171386719,99.53937530517578,75.88679504394531
2023-01-20,82.41958618164062,103.07267761230469,110.42750549316406,92.38269805908203,104.92597961425781,97.92571258544922,75.8218765258789
2023-01-23,82.41958618164062,102.97779846191406,110.15465545654297,92.0846176147461,104.6597671508789,97.46468353271484,75.74771118164062
2023-01-24,82.42857360839844,103.56594848632812,110.42750549316406,92.6156005859375,105.79808044433594,98.86624908447266,75.7755355834961
2023-01-25,82.43758392333984,103.77466583251953,110.54041290283203,92.71805572509766,105.96331787109375,99.10598754882812,75.8218765258789
2023-01-26,82.48253631591797,103.76519775390625,110.30518341064453,92.38269805908203,105.44925689697266,98.64498138427734,75.7755355834961
2023-01-27,82.49154663085938,103.53752136230469,110.21113586425781,92.24296569824219,105.1646957397461,98.39598083496094,75.7755355834961
2023-01-30,82.49154663085938,103.03471374511719,109.94768524169922,91.95419311523438,104.83419799804688,98.03639221191406,75.70135498046875
2023-01-31,82.50053405761719,103.07267761230469,110.3616714477539,92.41995239257812,105.4676284790039,98.82015991210938,75.84043884277344
2023-02-01,82.50595092773438,103.76519775390625,110.93741607666016,93.08465576171875,106.60454559326172,100.00810241699219,75.97232055664062
2023-02-02,82.54206848144531,103.62290954589844,110.91854095458984,93.04730224609375,106.76105499267578,100.13750457763672,75.98162078857422
2023-02-03,82.56010437011719,102.65523529052734,110.07991027832031,92.04839324951172,105.25127410888672,98.63988494873047,75.70295715332031
2023-02-06,82.56914520263672,102.247314453125,109.30721282958984,91.2549057006836,104.33067321777344,97.90955352783203,75.48931884765625
2023-02-07,82.57817077636719,102.51295471191406,109.26951599121094,91.03083038330078,103.7598876953125,97.1237564086914,75.52647399902344
2023-02-08,82.57817077636719,103.0442123413086,109.45797729492188,91.36691284179688,104.05448913574219,97.58598327636719,75.5543441772461
2023-02-09,82.60526275634766,102.52244567871094,109.15644073486328,90.95613098144531,103.4192886352539,96.66156005859375,75.49860382080078
2023-02-10,82.6142807006836,102.1524658203125,108.88317108154297,90.51737213134766,102.48948669433594,95.57991790771484,75.4614486694336
2023-02-13,82.63233184814453,102.32319641113281,108.96797943115234,90.73210906982422,103.30882263183594,96.38420104980469,75.48001098632812
2023-02-14,82.63233184814453,101.981689453125,108.50625610351562,90.32133483886719,102.97740173339844,96.1623306274414,75.32212829589844
2023-02-15,82.65037536621094,101.981689453125,108.43087005615234,90.05060577392578,102.10283660888672,95.26560974121094,75.33141326904297
2023-02-16,82.69549560546875,101.73504638671875,108.29895782470703,89.75186920166016,101.22828674316406,93.9158935546875,75.3406982421875
2023-02-17,82.70452117919922,101.93424224853516,108.50625610351562,90.00391387939453,101.78986358642578,94.64620971679688,75.40572357177734
2023-02-21,82.70452117919922,101.47891998291016,107.82780456542969,89.02368927001953,100.09595489501953,92.80654907226562,75.25708770751953
2023-02-22,82.73162078857422,101.42198944091797,107.93144226074219,89.18240356445312,100.67593383789062,93.65706634521484,75.29425811767578
2023-02-23,82.75870513916016,101.75402069091797,108.13874816894531,89.52780151367188,101.34795379638672,94.572265625,75.3406982421875
2023-02-24,82.76771545410156,101.0899429321289,107.63933563232422,88.98636627197266,100.12357330322266,93.34272766113281,75.18279266357422
2023-02-27,82.77676391601562,101.29866027832031,107.84664916992188,89.25707244873047,100.41815948486328,93.6015625,75.24778747558594
2023-02-28,82.78580474853516,101.67811584472656,107.89376831054688,89.39712524414062,100.5562515258789,94.02681732177734,75.22920989990234
2023-03-01,82.79031372070312,101.29866027832031,107.40481567382812,88.68243408203125,99.5380630493164,93.01668548583984,75.09147644042969
2023-03-02,82.81743621826172,101.37455749511719,107.20661926269531,88.3176040649414,98.707275390625,92.19189453125,75.1194076538086
2023-03-03,82.83558654785156,102.46551513671875,107.56529998779297,89.028564453125,100.43350219726562,94.42533111572266,75.16592407226562
2023-03-06,82.8446273803711,101.915283203125,107.48979187011719,88.86949920654297,100.01808166503906,93.69319915771484,75.12870788574219
2023-03-07,82.8446273803711,101.27020263671875,107.26323699951172,88.87885284423828,100.45196533203125,94.26779174804688,74.97048950195312
2023-03-08,82.86272430419922,100.78639221191406,107.17828369140625,88.85079193115234,100.52576446533203,94.36046600341797,74.93325805664062
2023-03-09,82.88082122802734,101.052001953125,107.82013702392578,89.4027328491211,100.9411849975586,94.5921401977539,75.17523193359375
2023-03-10,82.89891815185547,102.5414047241211,109.07550811767578,91.0491714477539,103.89509582519531,97.85425567626953,75.58477020263672
2023-03-13,82.91703033447266,103.31932830810547,110.38751983642578,92.15301513671875,105.11358642578125,98.07669067382812,76.33863830566406
2023-03-14,82.92606353759766,102.7501220703125,109.6795883178711,91.28305053710938,103.61817169189453,96.46414184570312,76.05012512207031
2023-03-15,82.97135162353516,104.00235748291016,110.94438934326172,92.60204315185547,105.49208068847656,98.32688903808594,76.49691772460938
2023-03-16,83.007568359375,102.82601165771484,110.17986297607422,91.76946258544922,104.43049621582031,97.55768585205078,76.18974304199219
2023-03-17,83.02564239501953,103.0442123413086,111.12374877929688,92.85460662841797,105.39051818847656,99.02194213867188,76.57134246826172
2023-03-20,83.03471374511719,103.13907623291016,110.81226348876953,92.4804458618164,104.78128051757812,98.15080261230469,76.47827911376953
2023-03-21,83.03471374511719,102.92086791992188,110.08545684814453,91.6759262084961,103.86741638183594,97.30748748779297,76.18974304199219
2023-03-22,83.05281066894531,104.33438110351562,111.13317108154297,92.8826904296875,105.35362243652344,98.60490417480469,76.54342651367188
2023-03-23,83.08902740478516,104.52412414550781,111.76557159423828,93.41590118408203,105.59362030029297,98.60490417480469,76.76678466796875
2023-03-24,83.10710906982422,104.25849151611328,111.73725891113281,93.44395446777344,105.9997787475586,99.02194213867188,76.80400848388672
2023-03-27,83.09808349609375,103.44264221191406,110.82170104980469,92.29332733154297,104.20896911621094,96.69580841064453,76.47827911376953
2023-03-28,83.11618041992188,103.76519775390625,110.6140365600586,92.23719024658203,104.22742462158203,96.87191772460938,76.39448547363281
2023-03-29,83.11618041992188,103.96440887451172,110.51020050048828,92.07818603515625,104.01509857177734,96.67729187011719,76.3666000366211
2023-03-30,83.13429260253906,104.06877899169922,110.5762939453125,92.218505859375,104.40280151367188,97.12213897705078,76.37589263916016
2023-03-31,83.11618041992188,104.59053802490234,111.04824829101562,92.7236557006836,105.7320785522461,98.57711791992188,76.4689712524414
2023-04-03,83.13616943359375,104.77763366699219,111.38294982910156,93.16041564941406,106.02104949951172,99.04071807861328,76.56224060058594
2023-04-04,83.14527130126953,105.08155059814453,111.96914672851562,93.76032257080078,106.75264739990234,99.53313446044922,76.7394790649414
2023-04-05,83.1906967163086,105.32850646972656,112.18663024902344,94.15396881103516,107.73435974121094,100.57372283935547,76.8420639038086
2023-04-06,83.19979858398438,105.5659408569336,112.17718505859375,94.18212890625,107.79915618896484,100.8338623046875,76.81410217285156
2023-04-10,83.20889282226562,104.81562042236328,111.41130065917969,93.2541732788086,106.50260925292969,99.20796203613281,76.54358673095703
2023-04-11,83.21797180175781,104.99607849121094,111.37348175048828,93.21668243408203,106.46556854248047,99.412353515625,76.53425598144531
2023-04-12,83.23613739013672,105.03407287597656,111.70441436767578,93.4885025024414,106.55818939208984,99.31014251708984,76.61820983886719
2023-04-13,83.2815933227539,104.77763366699219,111.5909652709961,93.17918395996094,105.92842102050781,98.52972412109375,76.66484832763672
2023-04-14,83.2815933227539,104.32173919677734,111.1276626586914,92.71989440917969,104.93746185302734,97.6285171508789,76.48764038085938
2023-04-17,83.29978942871094,103.84685516357422,110.6832504272461,92.12938690185547,104.04842376708984,96.46717071533203,76.37568664550781
2023-04-18,83.3088607788086,103.95133972167969,110.74944305419922,92.27935028076172,104.34477233886719,96.81089782714844,76.35702514648438
2023-04-19,83.31796264648438,103.84685516357422,110.58869171142578,92.0824966430664,104.13175964355469,96.71800994873047,76.29174041748047
2023-04-20,83.38155364990234,104.1792984008789,111.07091522216797,92.61678314208984,104.81708526611328,97.5448989868164,76.47828674316406
2023-04-21,83.37248229980469,104.2267837524414,110.90071868896484,92.3918228149414,104.37255859375,96.9967269897461,76.4316635131836
2023-04-24,83.38155364990234,104.62567138671875,111.23165893554688,92.84173583984375,105.1227035522461,97.93511199951172,76.51559448242188
2023-04-25,83.37248229980469,105.24300384521484,112.12044525146484,93.76032257080078,106.60448455810547,99.37519073486328,76.81410217285156
2023-04-26,83.39065551757812,104.87261199951172,111.84624481201172,93.39476013183594,105.81729125976562,98.31600952148438,76.72080993652344
2023-04-27,83.41793823242188,104.52120208740234,111.26948547363281,92.78551483154297,104.79855346679688,97.34049987792969,76.5715560913086
2023-04-28,83.41793823242188,104.64466857910156,111.74224090576172,93.47911834716797,106.15994262695312,98.91065979003906,76.6555404663086
2023-05-01,83.42066955566406,103.7749252319336,111.03284454345703,92.37885284423828,103.9168472290039,96.05858612060547,76.4881820678711
2023-05-02,83.4024429321289,104.56732940673828,111.96102905273438,93.58154296875,105.923095703125,98.452392578125,76.7406005859375
2023-05-03,83.41151428222656,105.044677734375,112.57669067382812,94.19227600097656,106.56398010253906,99.00192260742188,76.9276123046875
2023-05-04,83.43889617919922,105.01604461669922,112.74715423583984,94.17346954345703,106.07172393798828,98.02393341064453,77.04914855957031
2023-05-05,83.45716094970703,104.80599212646484,112.23570251464844,93.66609191894531,105.43083190917969,97.69794464111328,76.86212921142578
2023-05-08,83.46630096435547,104.41458129882812,111.83790588378906,93.09295654296875,104.31622314453125,96.32872772216797,76.7406005859375
2023-05-09,83.47540283203125,104.26183319091797,111.75265502929688,92.98019409179688,104.05616760253906,95.98409271240234,76.72191619873047
2023-05-10,83.4845199584961,104.60550689697266,112.396728515625,93.67548370361328,105.11503601074219,96.91552734375,76.90888977050781
2023-05-11,83.53926849365234,104.83463287353516,112.5387954711914,94.02313995361328,105.90453338623047,97.94010162353516,76.95564270019531
2023-05-12,83.55752563476562,104.46231842041016,112.10309600830078,93.45940399169922,105.1242904663086,97.12043762207031,76.82475280761719
2023-05-15,83.56665802001953,104.30958557128906,112.04627227783203,93.25267028808594,104.32552337646484,96.11448669433594,76.83409118652344
2023-05-16,83.55752563476562,104.03269958496094,111.79054260253906,92.9520263671875,103.99114990234375,95.82575225830078,76.7406005859375
2023-05-17,83.57576751708984,103.98497009277344,111.4685287475586,92.6513671875,103.70320129394531,95.54632568359375,76.6564712524414
2023-05-18,83.62141418457031,103.64129638671875,110.97602844238281,92.07823181152344,102.82083129882812,94.83842468261719,76.51620483398438
2023-05-19,83.62141418457031,103.39306640625,110.68240356445312,91.73059844970703,102.13350677490234,94.16780853271484,76.46012878417969
2023-05-22,83.6305160522461,103.20213317871094,110.6160888671875,91.56144714355469,101.88272857666016,93.83247375488281,76.43206787109375
2023-05-23,83.6305160522461,103.51717376708984,110.72976684570312,91.7117919921875,101.98487091064453,94.10260009765625,76.42273712158203
2023-05-24,83.6305160522461,103.19258117675781,110.49298095703125,91.4769058227539,101.60406494140625,93.63687896728516,76.32923126220703
2023-05-25,83.68525695800781,102.72478485107422,109.91522216796875,90.90376281738281,101.06535339355469,93.4040298461914,76.16093444824219
2023-05-26,83.70349884033203,102.84889221191406,109.83943939208984,91.07286834716797,101.40900421142578,94.15847778320312,76.1422348022461
2023-05-30,83.71263122558594,103.2594223022461,110.46456146240234,91.78695678710938,102.6072006225586,95.09923553466797,76.29183197021484
2023-05-31,83.73086547851562,103.39306640625,110.70133972167969,92.13459014892578,103.38744354248047,95.9281997680664,76.36663055419922
2023-06-01,83.777587890625,103.55870819091797,111.01447296142578,92.39073944091797,103.87188720703125,96.30455780029297,76.48565673828125
2023-06-02,83.78677368164062,103.0512466430664,110.33124542236328,91.65617370605469,103.00542449951172,95.24925231933594,76.27009582519531
2023-06-05,83.78677368164062,103.18527221679688,110.36920166015625,91.62789916992188,102.94020080566406,95.07181549072266,76.2888412475586
2023-06-06,83.80509185791016,103.24275970458984,110.33124542236328,91.68441772460938,103.25699615478516,95.63215637207031,76.2513427734375
2023-06-07,83.8142318725586,102.7640151977539,109.9232177734375,91.01573181152344,101.89674377441406,94.21261596679688,76.19511413574219
2023-06-08,83.86006164550781,103.27145385742188,110.36920166015625,91.62789916992188,102.94951629638672,95.31463623046875,76.31694793701172
2023-06-09,83.86922454833984,102.98424530029297,110.01811981201172,91.29829406738281,102.7259292602539,95.18388366699219,76.17638397216797
2023-06-12,83.87838745117188,103.07039642333984,110.19839477539062,91.4489517211914,102.9867935180664,95.46406555175781,76.24195861816406
2023-06-13,83.89669799804688,102.54381561279297,109.6669921875,90.79913330078125,101.94332885742188,94.52080535888672,76.10137939453125
2023-06-14,83.9150390625,102.80229949951172,109.62906646728516,90.92154693603516,102.49299621582031,95.27726745605469,76.05452728271484
2023-06-15,83.95166015625,103.453369140625,110.18891143798828,91.62789916992188,103.35014343261719,96.19249725341797,76.2138671875
2023-06-16,83.9608383178711,103.18527221679688,109.81886291503906,91.23233795166016,102.94951629638672,95.8189468383789,76.11077117919922
2023-06-20,83.97916412353516,103.405517578125,109.98965454101562,91.50547790527344,103.49921417236328,96.48201751708984,76.13887023925781
2023-06-21,83.97916412353516,103.41509246826172,110.037109375,91.59021759033203,103.77871704101562,96.71548461914062,76.13887023925781
2023-06-22,84.01580047607422,103.0512466430664,109.68598175048828,91.0722427368164,102.9867935180664,95.54811096191406,76.05452728271484
2023-06-23,84.02494049072266,103.3001937866211,109.87578582763672,91.4489517211914,103.61099243164062,96.50069427490234,76.12015533447266
2023-06-26,84.03411102294922,103.34806823730469,110.08452606201172,91.67499542236328,103.73212432861328,96.6034164428711,76.17638397216797
2023-06-27,84.05243682861328,103.0608139038086,109.77139282226562,91.35477447509766,103.37809753417969,96.35126495361328,76.06391143798828
2023-06-28,84.06161499023438,103.27145385742188,110.05608367919922,91.72208404541016,103.87188720703125,96.76219940185547,76.14825439453125
2023-06-29,84.0890884399414,102.59166717529297,109.34437561035156,90.7802734375,102.37188720703125,95.0157699584961,75.96082305908203
2023-06-30,84.11656951904297,103.04167175292969,109.37285614013672,90.97804260253906,103.20106506347656,96.136474609375,75.9889144897461
2023-07-03,84.13772583007812,102.92047119140625,109.07051086425781,90.58342742919922,102.59647369384766,95.59147644042969,75.90060424804688
2023-07-05,84.14691925048828,102.42986297607422,108.84232330322266,90.14917755126953,101.66199493408203,94.68312072753906,75.8818359375
2023-07-06,84.17453002929688,101.89117431640625,108.33843231201172,89.41278076171875,100.3817367553711,93.34402465820312,75.83480834960938
2023-07-07,84.18370819091797,101.82382202148438,108.38597106933594,89.29949188232422,99.99860382080078,92.78217315673828,75.91937255859375
2023-07-10,84.2021255493164,102.06431579589844,108.8898696899414,89.76209259033203,100.4471664428711,92.90389251708984,76.03215026855469
2023-07-11,84.21131134033203,101.94889068603516,108.91836547851562,89.95089721679688,100.66209411621094,93.38148498535156,76.02276611328125
2023-07-12,84.22970581054688,103.07437896728516,109.71702575683594,90.82890319824219,101.87690734863281,94.42092895507812,76.24825286865234
2023-07-13,84.26648712158203,103.60345458984375,110.42058563232422,91.58413696289062,102.93289184570312,95.41354370117188,76.4643783569336
2023-07-14,84.27569580078125,103.05513763427734,109.92618560791016,91.1310043334961,102.43761444091797,94.85169219970703,76.26703643798828
2023-07-17,84.284912109375,103.2475357055664,110.0593032836914,91.2820816040039,102.56842803955078,94.89849090576172,76.29523468017578
2023-07-18,84.284912109375,103.19944763183594,110.08780670166016,91.38589477539062,102.86746978759766,95.32926177978516,76.29523468017578
2023-07-19,84.30329895019531,103.55535888671875,110.25894927978516,91.69742584228516,103.77391815185547,96.40617370605469,76.32340240478516
2023-07-20,84.34928894042969,103.51689147949219,109.75506591796875,90.97050476074219,102.45629119873047,95.23558807373047,76.22947692871094
2023-07-21,84.34928894042969,103.51689147949219,109.75506591796875,91.0460433959961,102.51237487792969,95.26370239257812,76.23885345458984
2023-07-24,84.35848999023438,103.56499481201172,109.52687072753906,90.82890319824219,102.21333312988281,94.91725158691406,76.14490509033203
2023-07-25,84.36766815185547,103.38221740722656,109.41278839111328,90.6589584350586,102.06381225585938,94.73931121826172,76.135498046875
2023-07-26,84.37687683105469,103.42069244384766,109.69798278808594,90.97050476074219,102.29742431640625,94.83296203613281,76.2106704711914
2023-07-27,84.4228744506836,102.66075134277344,109.08000183105469,89.97923278808594,100.5593032836914,92.98817443847656,76.0979232788086
2023-07-28,84.43208312988281,103.05513763427734,109.3557357788086,90.27189636230469,100.94243621826172,93.46575927734375,76.20128631591797
2023-07-31,84.44127655029297,103.08399963378906,109.45081329345703,90.38518524169922,101.24147033691406,93.69050598144531,76.22008514404297
2023-08-01,84.46344757080078,102.46802520751953,109.14407348632812,89.85706329345703,99.88239288330078,92.15521240234375,76.156005859375
2023-08-02,84.4726791381836,102.2848892211914,109.13450622558594,89.67723083496094,99.24458312988281,91.16924285888672,76.19368743896484
2023-08-03,84.50963592529297,101.648681640625,108.8582534790039,89.01471710205078,97.45308685302734,89.06583404541016,76.22196960449219
2023-08-04,84.52811431884766,102.63189697265625,109.56321716308594,89.9611587524414,99.0382308959961,90.64337158203125,76.3726806640625
2023-08-07,84.52811431884766,102.71866607666016,109.50605773925781,89.74348449707031,98.47544860839844,89.75132751464844,76.40095520019531
2023-08-08,84.54658508300781,102.69939422607422,109.76326751708984,90.1977767944336,99.42279815673828,90.79361724853516,76.4386215209961
2023-08-09,84.55583190917969,102.65119171142578,109.70613861083984,90.25458526611328,99.76984405517578,91.26313018798828,76.39152526855469
2023-08-10,84.60200500488281,102.12100982666016,109.29647064208984,89.56363677978516,98.54113006591797,89.76071166992188,76.35385131835938
2023-08-11,84.61123657226562,101.97642517089844,108.8963623046875,89.0904312133789,98.07215118408203,89.55412292480469,76.27847290039062
2023-08-14,84.62049865722656,101.76435852050781,108.69631958007812,88.94844818115234,98.02525329589844,89.35692596435547,76.21251678466797
2023-08-15,84.6297378540039,101.44625091552734,108.65821838378906,88.77808380126953,97.50936889648438,88.81230163574219,76.24079895019531
2023-08-16,84.64818572998047,101.14741516113281,108.44860076904297,88.43737030029297,96.87157440185547,88.11742401123047,76.20310974121094
2023-08-17,84.68513488769531,101.11849975585938,108.50579071044922,88.32379913330078,96.5714111328125,87.74181365966797,76.28789520263672
2023-08-18,84.69439697265625,101.29202270507812,108.65821838378906,88.58879089355469,96.805908203125,88.05168914794922,76.316162109375
2023-08-21,84.70364379882812,101.02210998535156,108.28666687011719,88.03984069824219,95.72724914550781,86.87792205810547,76.23137664794922
2023-08-22,84.7128677368164,101.19563293457031,108.21045684814453,88.07771301269531,96.16809844970703,87.54463195800781,76.19368743896484
2023-08-23,84.73133087158203,102.11138153076172,108.82013702392578,89.03363800048828,98.04399108886719,89.71376037597656,76.33499145507812
2023-08-24,84.75907135009766,101.648681640625,108.61058044433594,88.70236206054688,97.5656509399414,89.12217712402344,76.28789520263672
2023-08-25,84.77751922607422,101.62940216064453,108.49626159667969,88.67398834228516,97.74385070800781,89.41326904296875,76.24079895019531
2023-08-28,84.79603576660156,101.6872329711914,108.6772689819336,88.92005157470703,97.8470230102539,89.50715637207031,76.28789520263672
2023-08-29,84.7867660522461,102.18848419189453,109.23931884765625,89.5541763305664,98.81311798095703,90.4367904663086,76.45745849609375
2023-08-30,84.80524444580078,102.03426361083984,109.22026824951172,89.54470825195312,98.70995330810547,90.34288787841797,76.45745849609375
2023-08-31,84.86068725585938,102.24632263183594,109.42032623291016,89.72455596923828,99.047607421875,90.74667358398438,76.53282928466797
2023-09-01,84.87459564208984,101.7174301147461,109.08812713623047,89.17610168457031,97.83572387695312,89.33300018310547,76.49127197265625
2023-09-05,84.89313507080078,101.51438903808594,108.80175018310547,88.63521575927734,96.79132843017578,88.08033752441406,76.39684295654297
2023-09-06,84.89313507080078,101.35970306396484,108.49630737304688,88.40750885009766,96.87599182128906,88.29695892333984,76.31181335449219
2023-09-07,84.93954467773438,101.72711181640625,108.82085418701172,88.71114349365234,97.13004302978516,88.5418701171875,76.4534912109375
2023-09-08,84.9488296508789,101.95915985107422,108.76356506347656,88.7301254272461,97.39348602294922,88.88088989257812,76.41573333740234
2023-09-11,84.9488296508789,101.86248779296875,108.7158432006836,88.57830810546875,96.94186401367188,88.240478515625,76.43460845947266
2023-09-12,84.9766616821289,101.91082000732422,108.7158432006836,88.70166015625,97.26177215576172,88.74905395507812,76.39684295654297
2023-09-13,84.98593139648438,102.04618835449219,108.8590316772461,88.8060302734375,97.40290069580078,88.7302017211914,76.46294403076172
2023-09-14,85.01378631591797,101.88179779052734,108.73493957519531,88.60675811767578,96.9041976928711,88.08975219726562,76.44404602050781
2023-09-15,85.0323257446289,101.63041687011719,108.55358123779297,88.33157348632812,96.43376159667969,87.55291748046875,76.4062728881836
2023-09-18,85.04161834716797,101.8431396484375,108.54402923583984,88.41697692871094,96.78189086914062,88.05207061767578,76.39684295654297
2023-09-19,85.05088806152344,101.55305480957031,108.30535888671875,88.0943603515625,96.21736145019531,87.40223693847656,76.34017944335938
2023-09-20,85.06017303466797,101.34033966064453,108.19084167480469,88.02793884277344,96.29261779785156,87.67534637451172,76.29293823242188
2023-09-21,85.1065673828125,100.80855560302734,107.92354583740234,87.37322235107422,94.4578628540039,85.42436218261719,76.33073425292969
2023-09-22,85.11585235595703,101.15663146972656,108.19084167480469,87.71479797363281,95.1823501586914,86.11190795898438,76.4062728881836
2023-09-25,85.1251220703125,100.39278411865234,107.93309783935547,87.06958770751953,93.33816528320312,83.99279022216797,76.3779525756836
2023-09-26,85.13441467285156,100.14140319824219,107.91401672363281,87.04109954833984,93.08413696289062,83.7008285522461,76.38739776611328
2023-09-27,85.16223907470703,99.97703552246094,107.63717651367188,86.65206146240234,92.51958465576172,83.26758575439453,76.33073425292969
2023-09-28,85.1900634765625,100.48947143554688,107.96173858642578,86.8893051147461,92.7359848022461,83.52185821533203,76.46294403076172
2023-09-29,85.1993637084961,100.28643035888672,108.01900482177734,86.90826416015625,92.65130615234375,83.53128051757812,76.47239685058594
2023-10-02,85.21241760253906,99.67724609375,107.57228088378906,86.20329284667969,91.39158630371094,82.13294219970703,76.39569854736328
2023-10-03,85.2310562133789,98.97025299072266,107.1513671875,85.4897689819336,89.95621490478516,80.36614990234375,76.33887481689453
2023-10-04,85.24036407470703,99.40607452392578,107.5914077758789,86.03205871582031,90.83444213867188,81.49993133544922,76.5093002319336
2023-10-05,85.2962875366211,99.26078796386719,107.82099914550781,86.19380187988281,90.68333435058594,81.09366607666016,76.58507537841797
2023-10-06,85.2962875366211,98.90243530273438,107.45748138427734,85.6895523071289,89.78623962402344,80.11103820800781,76.5187759399414
2023-10-09,85.30558776855469,99.88062286376953,108.32801055908203,86.78364562988281,91.44823455810547,81.9912338256836,76.74604797363281
2023-10-10,85.30558776855469,99.91937255859375,108.146240234375,86.61238861083984,91.26883697509766,81.87786865234375,76.69869232177734
2023-10-11,85.32423400878906,100.3648681640625,108.28973388671875,87.08807373046875,92.79862213134766,83.58797454833984,76.67977142333984
2023-10-12,85.36151123046875,99.72566223144531,107.8018569946289,86.25086975097656,90.91942596435547,81.32041931152344,76.58507537841797
2023-10-13,85.38015747070312,100.37456512451172,108.07928466796875,86.80265808105469,92.12816619873047,82.77542877197266,76.63240814208984
2023-10-16,85.38945770263672,100.08399963378906,107.76359558105469,86.2889175415039,90.85331726074219,81.4432373046875,76.58507537841797
2023-10-17,85.39875793457031,99.59976959228516,107.06526947021484,85.44221496582031,89.8428955078125,80.54564666748047,76.41461944580078
2023-10-18,85.40811920166016,99.38670349121094,106.82610321044922,85.04263305664062,89.09689331054688,79.83705139160156,76.41461944580078
2023-10-19,85.44538879394531,99.29953002929688,106.76870727539062,84.62400817871094,87.9259262084961,78.2024917602539,76.5187759399414
2023-10-20,85.46402740478516,99.59976959228516,107.2278823852539,85.11874389648438,88.6530532836914,78.64657592773438,76.64187622070312
2023-10-23,85.47332763671875,99.61914825439453,107.47661590576172,85.51831817626953,89.52182006835938,79.5914077758789,76.68922424316406
2023-10-24,85.48265075683594,99.70630645751953,107.4670181274414,85.67053985595703,90.08842468261719,80.64014434814453,76.67029571533203
2023-10-25,85.49197387695312,99.28984069824219,107.02699279785156,84.91895294189453,88.62471771240234,78.84497833251953,76.58507537841797
2023-10-26,85.52924346923828,99.82252502441406,107.55313873291016,85.56588745117188,89.74845123291016,80.05435943603516,76.73655700683594
2023-10-27,85.55719757080078,99.96778869628906,107.73490142822266,85.69905853271484,89.5595932006836,79.7142105102539,76.7839126586914
2023-10-30,85.56652069091797,99.81283569335938,107.5244369506836,85.4136734008789,89.22908020019531,79.35519409179688,76.7554931640625
2023-10-31,85.56652069091797,99.56103515625,107.4192123413086,85.23291015625,88.93634796142578,78.96781921386719,76.72710418701172
2023-11-01,85.5927505493164,100.4287338256836,108.14321899414062,86.21459197998047,90.53225708007812,80.68002319335938,76.89804077148438
2023-11-02,85.62081909179688,100.88594055175781,108.32544708251953,86.74885559082031,92.06749725341797,82.51924896240234,76.90752410888672
2023-11-03,85.63018798828125,101.4015121459961,108.99671936035156,87.4166488647461,92.79721069335938,83.07861328125,77.11643981933594
2023-11-06,85.63953399658203,101.13886260986328,108.56517028808594,86.9110336303711,92.09593200683594,82.27275848388672,76.97398376464844
2023-11-07,85.65827178955078,101.41123962402344,108.8528823852539,87.40711212158203,93.19522857666016,83.48626708984375,77.03097534179688
2023-11-08,85.66761779785156,101.63497161865234,108.97753143310547,87.76010131835938,94.2756118774414,84.90836334228516,77.0119857788086
2023-11-09,85.71442413330078,100.7789535522461,108.38298797607422,86.8919448852539,92.53186798095703,82.95537567138672,76.89804077148438
2023-11-10,85.72379302978516,100.81785583496094,108.38298797607422,86.98734283447266,92.77825164794922,83.41990661621094,76.9170150756836
2023-11-13,85.73314666748047,100.74976348876953,108.4309310913086,86.93962860107422,92.76879119873047,83.23029327392578,76.94551086425781
2023-11-14,85.74251556396484,101.57660675048828,109.49536895751953,88.24663543701172,94.62625885009766,85.11693572998047,77.24937438964844
2023-11-15,85.76124572753906,101.13886260986328,108.99671936035156,87.55975341796875,93.50797271728516,83.92237854003906,77.10692596435547
2023-11-16,85.79867553710938,101.50851440429688,109.5145492553711,88.21802520751953,94.43669891357422,84.96526336669922,77.2398681640625
2023-11-17,85.8174057006836,101.61551666259766,109.42827606201172,88.27525329589844,94.70206451416016,85.36344146728516,77.18290710449219
2023-11-20,85.8174057006836,101.91707611083984,109.49536895751953,88.3992919921875,95.1285171508789,85.88487243652344,77.19239807128906
2023-11-21,85.84547424316406,101.70307159423828,109.63922882080078,88.51376342773438,95.14746856689453,85.84693908691406,77.2398681640625
2023-11-22,85.88291931152344,101.80034637451172,109.57210540771484,88.48513793945312,95.28961944580078,86.15033721923828,77.24937438964844
2023-11-24,85.89227294921875,101.37232971191406,109.30359649658203,88.02721405029297,94.38931274414062,85.1358871459961,77.19239807128906
2023-11-27,85.9016342163086,101.70307159423828,109.74469757080078,88.69503021240234,95.5549545288086,86.55801391601562,77.28734588623047
2023-11-28,85.92034912109375,102.1019058227539,110.18585205078125,89.08617401123047,95.75399017333984,86.72864532470703,77.42980194091797
2023-11-29,85.9297103881836,102.51045989990234,110.55023956298828,89.55364990234375,96.74905395507812,87.81890869140625,77.58172607421875
2023-11-30,85.9671630859375,102.32563781738281,110.3200912475586,89.11479187011719,96.19940185546875,86.80450439453125,77.53424835205078
2023-12-01,85.98504638671875,102.84832000732422,110.97857666015625,89.95562744140625,97.51667785644531,88.43936157226562,77.75999450683594
2023-12-04,85.98504638671875,102.41926574707031,110.63249969482422,89.5825424194336,97.00305938720703,88.08747863769531,77.64570617675781
2023-12-05,86.00382995605469,102.97509002685547,111.04586029052734,90.2138900756836,98.62947082519531,89.98009490966797,77.7409439086914
2023-12-06,86.01323699951172,103.08235168457031,111.1804428100586,90.58695220947266,99.67570495605469,91.17842864990234,77.72188568115234
2023-12-07,86.05085754394531,102.99459075927734,111.1804428100586,90.4530258178711,99.22868347167969,90.65534973144531,77.77904510498047
2023-12-08,86.06967163085938,102.8678207397461,110.63249969482422,89.8695297241211,98.477294921875,89.91352081298828,77.60760498046875
2023-12-11,86.08846282958984,102.65328979492188,110.64212799072266,89.87910461425781,98.3346176147461,89.72330474853516,77.62663269042969
2023-12-12,86.08846282958984,102.59477233886719,110.78630828857422,90.0704116821289,98.72457885742188,89.9896240234375,77.63616943359375
2023-12-13,86.09786987304688,103.98922729492188,111.96867370605469,91.40961456298828,100.77897644042969,92.10096740722656,78.02667236328125
2023-12-14,86.13549041748047,105.13015747070312,112.46208190917969,92.16944885253906,102.73908996582031,94.49677276611328,78.16046142578125
2023-12-15,86.16368103027344,104.95462036132812,112.31753540039062,92.09268188476562,102.7581558227539,94.60173797607422,78.07444763183594
2023-12-18,86.17407989501953,104.642578125,112.1826171875,91.8912124633789,102.18559265136719,93.84797668457031,78.06489562988281
2023-12-19,86.17407989501953,104.7108383178711,112.27897644042969,92.06391143798828,102.54823303222656,94.35366821289062,78.09358215332031
2023-12-20,86.1929702758789,105.13015747070312,112.6548080444336,92.51482391357422,103.39753723144531,94.99291229248047,78.19867706298828
2023-12-21,86.24964904785156,104.95462036132812,112.6548080444336,92.37092590332031,102.79632568359375,94.39183807373047,78.27511596679688
2023-12-22,86.25908660888672,104.7498550415039,112.64518737792969,92.28457641601562,102.68182373046875,93.96248626708984,78.30379486083984
2023-12-26,86.27799987792969,104.80835723876953,112.61627197265625,92.3421401977539,102.98717498779297,94.22962951660156,78.26556396484375
2023-12-27,86.27799987792969,105.28617858886719,113.10774230957031,93.06169891357422,104.51405334472656,95.89935302734375,78.36111450195312
2023-12-28,86.33467102050781,104.94487762451172,112.90538024902344,92.70671844482422,103.97010803222656,95.20283508300781,78.3515625
2023-12-29,86.33467102050781,104.81810760498047,112.87646484375,92.47644805908203,103.3116683959961,94.34410858154297,78.3897705078125
2024-01-02,86.3441162109375,104.67182159423828,112.5488052368164,92.13105773925781,102.78678894042969,93.80026245117188,78.29423522949219
2024-01-03,86.37246704101562,104.83761596679688,112.70298767089844,92.35173797607422,103.139892578125,94.19145965576172,78.31333923339844
2024-01-04,86.40081024169922,104.35003662109375,112.346435546875,91.79527282714844,101.84205627441406,92.7602767944336,78.26556396484375
2024-01-05,86.4102554321289,104.11599731445312,112.1536865234375,91.4594955444336,100.96409606933594,91.87293243408203,78.24645233154297
2024-01-08,86.41970825195312,104.3988037109375,112.3849868774414,91.76649475097656,101.84205627441406,92.77935028076172,78.31333923339844
2024-01-09,86.42913818359375,104.19402313232422,112.41390228271484,91.7281265258789,101.64163970947266,92.18778228759766,78.33244323730469
2024-01-10,86.44804382324219,104.10625457763672,112.346435546875,91.58421325683594,101.38399505615234,91.75843811035156,78.33244323730469
2024-01-11,86.49526977539062,104.66209411621094,112.84754943847656,92.0735092163086,101.71797943115234,92.2736587524414,78.51397705078125
2024-01-12,86.51416778564453,105.11064910888672,113.13665771484375,92.32294464111328,101.99472045898438,92.09237670898438,78.67642974853516
2024-01-16,86.52361297607422,104.57432556152344,112.6548080444336,91.5746078491211,100.45831298828125,90.47036743164062,78.55220794677734
2024-01-17,86.54249572753906,104.25252532958984,112.26934814453125,91.27720642089844,100.15293884277344,90.32725524902344,78.39933013916016
2024-01-18,86.58029174804688,104.28178405761719,112.21153259277344,91.07572174072266,99.49449920654297,89.48761749267578,78.43756103515625
2024-01-19,86.58975219726562,104.35978698730469,112.1536865234375,91.0853271484375,99.68534851074219,89.77384185791016,78.3802261352539
2024-01-22,86.59917449951172,104.40855407714844,112.346435546875,91.36355590820312,100.20066833496094,90.30815887451172,78.4184341430664
2024-01-23,86.608642578125,104.06724548339844,112.22115325927734,91.13329315185547,99.666259765625,89.59257507324219,78.40888214111328
2024-01-24,86.61807250976562,103.82347106933594,112.03805541992188,90.87427520751953,99.09369659423828,89.06777954101562,78.37067413330078
2024-01-25,86.66532897949219,104.17451477050781,112.40424346923828,91.26761627197266,99.67579650878906,89.64981079101562,78.51397705078125
2024-01-26,86.67476654052734,104.0770034790039,112.25971221923828,91.1045150756836,99.48493957519531,89.47807312011719,78.46621704101562
2024-01-29,86.68421936035156,104.53531646728516,112.62590789794922,91.6513671875,100.42967987060547,90.50853729248047,78.54265594482422
2024-01-30,86.69364929199219,104.48655700683594,112.53916931152344,91.7761001586914,101.04044342041016,91.32908630371094,78.494873046875
2024-01-31,86.70310974121094,105.16915893554688,113.223388671875,92.54361724853516,102.03289794921875,92.2259521484375,78.63822174072266
2024-02-01,86.74675750732422,105.35443115234375,113.54895782470703,93.1168212890625,103.56006622314453,94.03506469726562,78.755126953125
2024-02-02,86.76573944091797,104.34029388427734,112.62155151367188,91.9050064086914,101.78874206542969,91.95793914794922,78.5059585571289
2024-02-05,86.76573944091797,103.75520324707031,111.99362182617188,91.01057434082031,100.00784301757812,90.10096740722656,78.3526382446289
2024-02-06,86.78471374511719,104.10625457763672,112.39935302734375,91.50106048583984,100.82170867919922,90.98161315917969,78.47721099853516
2024-02-07,86.79419708251953,103.91122436523438,112.27377319335938,91.33758544921875,100.46743774414062,90.54127502441406,78.44847106933594
2024-02-08,86.83216094970703,103.83322143554688,112.07089233398438,91.0394287109375,99.95040893554688,90.01483154296875,78.42928314208984
2024-02-09,86.84163665771484,103.68694305419922,111.95497131347656,90.87592315673828,99.65359497070312,89.83296966552734,78.4005355834961
2024-02-12,86.8606185913086,103.7259521484375,112.04193115234375,90.9625015258789,99.73017883300781,89.9382553100586,78.41014099121094
2024-02-13,86.8606185913086,103.0628433227539,111.15315246582031,89.96227264404297,98.18865203857422,88.39717102050781,78.16095733642578
2024-02-14,86.87959289550781,103.50167083740234,111.49127960205078,90.29888153076172,98.71527099609375,88.8470458984375,78.27595520019531
2024-02-15,86.92704010009766,103.62843322753906,111.68447875976562,90.54893493652344,99.11739349365234,89.30651092529297,78.3526382446289
2024-02-16,86.94601440429688,103.52117156982422,111.34636688232422,90.15461730957031,98.60994720458984,88.78962707519531,78.25680541992188
2024-02-20,86.95550537109375,103.56991577148438,111.54924011230469,90.30850219726562,98.7439956665039,88.86620330810547,78.30470275878906
2024-02-21,86.96499633789062,103.4529037475586,111.2980728149414,90.01995849609375,98.1790771484375,88.23444366455078,78.23763275146484
2024-02-22,87.01243591308594,103.3163833618164,111.24010467529297,90.02959442138672,98.45674133300781,88.66517639160156,78.22802734375
2024-02-23,87.02192687988281,103.5796890258789,111.45262908935547,90.44314575195312,99.27059936523438,89.85211181640625,78.2663803100586
2024-02-26,87.02192687988281,103.5406723022461,111.34636688232422,90.30850219726562,99.08866882324219,89.5840835571289,78.2088851928711
2024-02-27,87.04090881347656,103.41390991210938,111.2594223022461,90.10653686523438,98.59078979492188,88.95234680175781,78.2088851928711
2024-02-28,87.0503921508789,103.74545288085938,111.52991485595703,90.43354034423828,99.05037689208984,89.51708984375,78.2855453491211
2024-02-29,87.08834838867188,104.06724548339844,111.6651611328125,90.61626434326172,99.59613037109375,90.14884185791016,78.33345794677734
2024-03-01,87.1121597290039,104.4572982788086,112.06703186035156,91.02995300292969,100.2147445678711,90.71055603027344,78.48724365234375
2024-03-04,87.12168884277344,104.36954498291016,111.88304138183594,90.82743835449219,99.89775848388672,90.3456802368164,78.41036224365234
2024-03-05,87.12168884277344,104.84735870361328,112.23164367675781,91.38673400878906,101.08882141113281,91.6323471069336,78.46802520751953
2024-03-06,87.1407470703125,104.8863754272461,112.3381576538086,91.60852813720703,101.61713409423828,92.17008209228516,78.48724365234375
2024-03-07,87.1788330078125,104.8278579711914,112.55120086669922,91.7628173828125,101.77082061767578,92.0836410522461,78.58335876464844
2024-03-08,87.18838500976562,104.91561889648438,112.66740417480469,91.830322265625,101.7035903930664,91.92042541503906,78.62181091308594
2024-03-11,87.1978759765625,104.73033905029297,112.51246643066406,91.71460723876953,101.6747817993164,91.87240600585938,78.55453491210938
2024-03-12,87.22647094726562,104.52557373046875,112.20260620117188,91.33851623535156,100.867919921875,91.104248046875,78.4776382446289
2024-03-13,87.22647094726562,104.3792953491211,112.03797912597656,91.13602447509766,100.52210998535156,90.66255950927734,78.43919372558594
2024-03-14,87.26457214355469,103.74545288085938,111.58287048339844,90.46100616455078,99.22537231445312,89.27025604248047,78.37190246582031
2024-03-15,87.28361511230469,103.67718505859375,111.4182357788086,90.30671691894531,99.06208801269531,89.241455078125,78.32384490966797
2024-03-18,87.29315185546875,103.5796890258789,111.33109283447266,90.20064544677734,98.86034393310547,88.97260284423828,78.33345794677734
2024-03-19,87.31220245361328,103.7259521484375,111.57315826416016,90.46100616455078,99.24457550048828,89.22223663330078,78.40074157714844
2024-03-20,87.32173156738281,104.13550567626953,111.83462524414062,90.67316436767578,99.32142639160156,89.19342803955078,78.52568817138672
2024-03-21,87.35031127929688,104.32078552246094,111.84430694580078,90.68280792236328,99.49431610107422,89.38546752929688,78.52568817138672
2024-03-22,87.35982513427734,104.68158721923828,112.14448547363281,91.12638092041016,100.31079864501953,90.24006652832031,78.58335876464844
2024-03-25,87.37886810302734,104.35003662109375,111.9992446899414,90.88530731201172,99.91695404052734,89.78877258300781,78.54491424560547
2024-03-26,87.3884048461914,104.3792953491211,112.07669830322266,91.02030181884766,100.12828826904297,90.03841400146484,78.56414031982422
2024-03-27,87.44557189941406,104.70109558105469,112.30913543701172,91.36746215820312,100.867919921875,90.931396484375,78.650634765625
2024-03-28,87.44557189941406,104.7400894165039,112.14448547363281,91.28065490722656,100.88711547851562,90.8545913696289,78.60257720947266
2024-04-01,87.46947479248047,104.06195831298828,111.60661315917969,90.4547348022461,99.3150863647461,89.16096496582031,78.43864440917969
2024-04-02,87.48860931396484,104.09123992919922,111.57748413085938,90.26132202148438,98.80425262451172,88.66963958740234,78.47722625732422
2024-04-03,87.48860931396484,104.09123992919922,111.66487121582031,90.36771392822266,98.76569366455078,88.65038299560547,78.53507995605469
2024-04-04,87.5268783569336,104.48152923583984,111.90758514404297,90.67717742919922,99.40184783935547,89.28620910644531,78.61222076416016
2024-04-05,87.54601287841797,104.04244995117188,111.4512710571289,90.07756805419922,98.36088562011719,88.04344940185547,78.48686218261719
2024-04-08,87.55559539794922,104.00341796875,111.24737548828125,89.87447357177734,98.24519348144531,88.03382110595703,78.40971374511719
2024-04-09,87.56514739990234,104.27662658691406,111.49981689453125,90.23231506347656,99.03556823730469,88.85270690917969,78.48686218261719
2024-04-10,87.58428955078125,103.27161407470703,110.43180084228516,89.03307342529297,97.02113342285156,86.91629028320312,78.16862487792969
2024-04-11,87.61299133300781,103.1838150024414,110.45121765136719,88.9073486328125,96.65486907958984,86.52128601074219,78.26507568359375
2024-04-12,87.62257385253906,103.54483032226562,110.7327880859375,89.2748794555664,97.19462585449219,86.98372650146484,78.31328582763672
2024-04-15,87.64170837402344,103.21306610107422,110.38326263427734,88.70426940917969,95.91270446777344,85.63497924804688,78.28435516357422
2024-04-16,87.65127563476562,102.79351806640625,110.13082122802734,88.3561019897461,95.4596939086914,85.06660461425781,78.23613739013672
2024-04-17,87.66084289550781,103.19357299804688,110.50948333740234,88.91703033447266,96.32715606689453,86.01071166992188,78.29399871826172
2024-04-18,87.70866394042969,103.05696105957031,110.25703430175781,88.60753631591797,95.88378143310547,85.57719421386719,78.25543975830078
2024-04-19,87.7182388305664,103.21306610107422,110.34442138671875,88.72358703613281,96.17292785644531,85.88546752929688,78.27470397949219
2024-04-22,87.73737335205078,103.22283172607422,110.38326263427734,88.73326110839844,95.95125579833984,85.74095153808594,78.31328582763672
2024-04-23,87.74695587158203,103.32039642333984,110.54830169677734,88.84932708740234,96.21149444580078,85.76985931396484,78.38079833984375
2024-04-24,87.74695587158203,103.1057357788086,110.41239166259766,88.5785140991211,95.60426330566406,85.1629409790039,78.35186767578125
2024-04-25,87.79478454589844,102.94963073730469,110.15022277832031,88.24003601074219,95.09342193603516,84.56563568115234,78.29399871826172
2024-04-26,87.79478454589844,103.21306610107422,110.27645874023438,88.48182678222656,95.55606842041016,85.0087890625,78.31328582763672
2024-04-29,87.81391906738281,103.46676635742188,110.48035430908203,88.83965301513672,96.19220733642578,85.72168731689453,78.35186767578125
2024-04-30,87.82347869873047,102.96914672851562,110.19879150390625,88.42378997802734,95.49826049804688,84.98953247070312,78.25543975830078
2024-05-01,87.84077453613281,103.1390609741211,110.49665832519531,88.77396392822266,96.12598419189453,85.61597442626953,78.41215515136719
2024-05-02,87.88882446289062,103.51229095458984,110.92498016357422,89.19105529785156,96.6192855834961,85.98335266113281,78.52825164794922
2024-05-03,87.89844512939453,104.04267120361328,111.33383178710938,89.68575286865234,97.45112609863281,86.85343170166016,78.65401458740234
2024-05-06,87.89844512939453,104.091796875,111.363037109375,89.76334381103516,97.73164367675781,87.19180297851562,78.64434051513672
2024-05-07,87.90804290771484,104.0721435546875,111.4701156616211,89.99614715576172,98.26361846923828,87.72352600097656,78.65401458740234
2024-05-08,87.92726135253906,103.95427703857422,111.35330200195312,89.74394226074219,97.79934692382812,87.19180297851562,78.63467407226562
2024-05-09,87.97530364990234,104.3274917602539,111.53826141357422,90.01555633544922,98.18624877929688,87.6171646118164,78.702392578125
2024-05-10,87.97530364990234,104.16053771972656,111.33383178710938,89.72455596923828,97.68327331542969,87.1241226196289,78.63467407226562
2024-05-13,87.99452209472656,104.19982147216797,111.38249969482422,89.83126068115234,97.89608764648438,87.34647369384766,78.65401458740234
2024-05-14,88.0041275024414,104.39625549316406,111.59666442871094,90.09314727783203,98.30230712890625,87.83952331542969,78.73140716552734
2024-05-15,88.01374816894531,104.9266357421875,112.14179992675781,90.77214813232422,99.48238372802734,89.0383071899414,78.87653350830078
2024-05-16,88.05217742919922,104.77931213378906,111.95684814453125,90.5975570678711,99.32760620117188,88.95130920410156,78.81847381591797
2024-05-17,88.06178283691406,104.68109130859375,111.77188110351562,90.31625366210938,98.8149642944336,88.3519058227539,78.77010345458984
2024-05-20,88.08099365234375,104.64179992675781,111.68428039550781,90.18046569824219,98.59247589111328,88.09088134765625,78.7507553100586
2024-05-21,88.09060668945312,104.83824157714844,111.84976959228516,90.41325378417969,98.96971893310547,88.54524993896484,78.78947448730469
2024-05-22,88.10982513427734,104.81858825683594,111.68428039550781,90.29684448242188,99.00840759277344,88.65158081054688,78.73140716552734
2024-05-23,88.16747283935547,104.41590881347656,111.45065307617188,89.97676086425781,98.47640991210938,88.08121490478516,78.69271087646484
2024-05-24,88.17707824707031,104.54358673095703,111.4701156616211,90.09314727783203,98.72791290283203,88.34223175048828,78.72174835205078
2024-05-28,88.16747283935547,104.22929382324219,111.19755554199219,89.58875274658203,97.57687377929688,87.07577514648438,78.65401458740234
2024-05-29,88.18670654296875,103.9837417602539,110.9444580078125,89.15226745605469,96.66765594482422,86.02201843261719,78.62499237060547
2024-05-30,88.20592498779297,104.38642883300781,111.2559585571289,89.59845733642578,97.4317855834961,86.85343170166016,78.7120590209961
2024-05-31,88.22511291503906,104.79895782470703,111.64533233642578,90.01555633544922,98.1668930053711,87.44316101074219,78.81847381591797
2024-06-03,88.23960876464844,105.24100494384766,112.0250015258789,90.6051254272461,99.32977294921875,88.85751342773438,78.90778350830078
2024-06-04,88.25890350341797,105.56734466552734,112.39588928222656,91.1012954711914,100.28105163574219,89.89546203613281,78.98542785644531
2024-06-05,88.26856231689453,105.8343505859375,112.630126953125,91.43207550048828,100.89257049560547,90.55510711669922,79.06307220458984
2024-06-06,88.27820587158203,105.745361328125,112.6594009399414,91.39317321777344,100.89257049560547,90.41930389404297,79.07278442382812
2024-06-07,88.31681060791016,104.8750991821289,111.90789031982422,90.43000030517578,99.10651397705078,88.76049041748047,78.86894989013672
2024-06-10,88.33611297607422,104.72676086425781,111.82003021240234,90.23542022705078,98.70853424072266,88.16874694824219,78.878662109375
2024-06-11,88.34576416015625,105.0135498046875,112.16163635253906,90.7121353149414,99.51419830322266,89.08062744140625,78.96601104736328
2024-06-12,88.36506652832031,105.17176818847656,112.55204772949219,91.21804809570312,100.2616195678711,89.74994659423828,79.07278442382812
2024-06-13,88.37471771240234,105.58712005615234,113.01075744628906,91.82124328613281,101.36821746826172,91.06924438476562,79.1989517211914
2024-06-14,88.4229736328125,105.71568298339844,113.08883666992188,92.03526306152344,102.02827453613281,91.83558654785156,79.20866394042969
2024-06-17,88.43262481689453,105.56734466552734,112.7862777709961,91.6072006225586,101.09642028808594,90.9237289428711,79.13101196289062
2024-06-18,88.4519271850586,105.9925765991211,113.09859466552734,92.00608825683594,101.89237213134766,91.75798034667969,79.23777770996094
2024-06-20,88.47122955322266,106.0123519897461,112.96195983886719,91.7726058959961,101.34880065917969,91.14684295654297,79.20866394042969
2024-06-21,88.50017547607422,105.85413360595703,112.98148345947266,91.79205322265625,101.38761901855469,91.14684295654297,79.23777770996094
2024-06-24,88.51948547363281,105.91345977783203,113.01075744628906,91.86988830566406,101.63029479980469,91.51546478271484,79.24746704101562
2024-06-25,88.51948547363281,106.04203033447266,113.07909393310547,91.94770812988281,101.81472778320312,91.67068481445312,79.25719451904297
2024-06-26,88.52914428710938,105.7255859375,112.69843292236328,91.39317321777344,100.60136413574219,90.3611068725586,79.17955017089844
2024-06-27,88.54843139648438,105.92335510253906,112.87413024902344,91.59746551513672,100.94110870361328,90.72001647949219,79.23777770996094
2024-06-28,88.57740020751953,105.59700775146484,112.69843292236328,91.11103820800781,99.68893432617188,89.0321044921875,79.24746704101562
2024-07-01,88.60840606689453,105.17697143554688,112.26886749267578,90.43280029296875,98.12861633300781,87.49551391601562,79.17931365966797
2024-07-02,88.61809539794922,105.37557220458984,112.4939193725586,90.77436065673828,98.751953125,88.17670440673828,79.24746704101562
2024-07-03,88.64717864990234,105.7926254272461,112.92449188232422,91.37939453125,99.92073822021484,89.33477020263672,79.36434173583984
2024-07-05,88.67625427246094,106.26925659179688,113.3746337890625,91.8868408203125,100.57330322265625,90.07435607910156,79.5103988647461
2024-07-08,88.69563293457031,106.22953796386719,113.35504913330078,91.9161148071289,100.70966339111328,90.26898193359375,79.50067138671875
2024-07-09,88.69563293457031,106.07066345214844,113.32569122314453,91.78923797607422,100.43695068359375,89.86998748779297,79.48118591308594
2024-07-10,88.71502685546875,106.26925659179688,113.36482238769531,91.87706756591797,100.66096496582031,90.1521987915039,79.5103988647461
2024-07-11,88.72471618652344,106.5870132446289,113.88346099853516,92.46259307861328,101.59598541259766,91.02803039550781,79.69541931152344
2024-07-12,88.76348114013672,106.75582122802734,114.09874725341797,92.65775299072266,101.82001495361328,91.41730499267578,79.8122787475586
2024-07-15,88.78287506103516,106.68630981445312,114.0008773803711,92.36500549316406,101.08951568603516,90.36629486083984,79.8122787475586
2024-07-16,88.78287506103516,107.01399993896484,114.20638275146484,92.77486419677734,102.10246276855469,91.64110565185547,79.84149169921875
2024-07-17,88.81194305419922,107.0537109375,114.26509094238281,92.85294342041016,102.21932983398438,91.66056823730469,79.85122680664062
2024-07-18,88.82164764404297,106.8154067993164,114.08895111083984,92.5894546508789,101.58625030517578,90.95990753173828,79.8122787475586
2024-07-19,88.85071563720703,106.55722045898438,113.89325714111328,92.29669952392578,101.08951568603516,90.42467498779297,79.77332305908203
2024-07-22,88.87010192871094,106.42813873291016,113.83454895019531,92.20885467529297,100.89471435546875,90.16192626953125,79.78307342529297
2024-07-23,88.87010192871094,106.3685531616211,113.91283416748047,92.27717590332031,100.88497161865234,90.03541564941406,79.82202911376953
2024-07-24,88.89918518066406,106.05081176757812,113.91283416748047,92.07225799560547,100.15448760986328,89.06227111816406,79.86097717285156
2024-07-25,88.89918518066406,106.30897521972656,114.0008773803711,92.27717590332031,100.69992065429688,89.7921371459961,79.8707046508789
2024-07-26,88.94763946533203,106.64659118652344,114.35316467285156,92.71631622314453,101.44015502929688,90.49280548095703,79.97782897949219
2024-07-29,88.94763946533203,106.75582122802734,114.43145751953125,92.87245178222656,101.76155853271484,90.97937774658203,79.98755645751953
2024-07-30,88.95734405517578,106.83525848388672,114.5880126953125,93.06763458251953,102.10246276855469,91.32970428466797,80.01676940917969
2024-07-31,88.97673034667969,107.42112731933594,115.14579772949219,93.75072479248047,103.15436553955078,92.26393127441406,80.18231964111328
2024-08-01,88.99813079833984,107.5633544921875,115.52354431152344,94.15106964111328,104.07392120361328,93.05968475341797,80.32106018066406
2024-08-02,89.04680633544922,108.08052825927734,116.75983428955078,95.6094741821289,106.61469268798828,95.95955657958984,80.77047729492188
2024-08-05,89.04680633544922,108.38884735107422,116.75983428955078,95.70735168457031,106.96649169921875,96.46729278564453,80.75094604492188
2024-08-06,89.06627655029297,107.76226043701172,116.17111206054688,94.85579681396484,105.08045959472656,94.30946350097656,80.65325927734375
2024-08-07,89.08574676513672,107.43405151367188,116.00431823730469,94.51321411132812,104.3280029296875,93.64552307128906,80.60440063476562
2024-08-08,89.09549713134766,107.33458709716797,115.75904083251953,94.22936248779297,103.83939361572266,93.06945037841797,80.56529998779297
2024-08-09,89.11495208740234,107.61306762695312,115.95525360107422,94.61109924316406,104.71888732910156,93.98725891113281,80.58485412597656
2024-08-12,89.1441650390625,107.90149688720703,116.21036529541016,94.87537384033203,104.98274230957031,94.32899475097656,80.63369750976562
2024-08-13,89.15389251708984,108.13025665283203,116.54396057128906,95.2962646484375,105.68633270263672,94.98316955566406,80.76072692871094
2024-08-14,89.16362762451172,108.0705795288086,116.57340240478516,95.42350006103516,106.12609100341797,95.57877349853516,80.75094604492188
2024-08-15,89.17337036132812,107.84183502197266,116.01412963867188,94.82643127441406,105.17816925048828,94.80741882324219,80.5555419921875
2024-08-16,89.22203826904297,107.80204772949219,116.17111206054688,95.01240539550781,105.52020263671875,95.139404296875,80.64347839355469
2024-08-19,89.22203826904297,107.87165832519531,116.21036529541016,95.1396484375,105.91110229492188,95.57877349853516,80.6239242553711
2024-08-20,89.24150848388672,108.29933166503906,116.49491119384766,95.52137756347656,106.58538055419922,96.34036254882812,80.74118041992188
2024-08-21,89.26099395751953,108.53803253173828,116.74019622802734,95.71714782714844,106.80035400390625,96.39894104003906,80.82910919189453
2024-08-22,89.26099395751953,108.19988250732422,116.39677429199219,95.27666473388672,105.92086791992188,95.44208526611328,80.72163391113281
2024-08-23,89.29993438720703,108.7767333984375,116.81869506835938,95.71714782714844,106.5072021484375,96.06696319580078,80.90727233886719
2024-08-26,89.30966186523438,108.78667449951172,116.7009506225586,95.59969329833984,106.34107208251953,95.82286834716797,80.86817932128906
2024-08-27,89.32913208007812,108.78667449951172,116.77944946289062,95.56053924560547,106.16516876220703,95.65689086914062,80.91703796386719
2024-08-28,89.3388671875,108.7767333984375,116.75983428955078,95.51160430908203,106.04790496826172,95.53970336914062,80.90727233886719
2024-08-29,89.3388671875,108.6275405883789,116.62246704101562,95.34519958496094,105.69610595703125,95.2272720336914,80.89749908447266
2024-08-30,89.38752746582031,108.2794418334961,116.48509216308594,95.01240539550781,104.97295379638672,94.2118148803711,80.89749908447266
2024-09-03,89.42274475097656,108.4983139038086,116.88846588134766,95.63874053955078,106.26338195800781,95.75269317626953,80.98377990722656
2024-09-04,89.4325180053711,108.78681945800781,117.35086059570312,96.19831085205078,107.28316497802734,96.98694610595703,81.16024780273438
2024-09-05,89.44229125976562,108.85645294189453,117.45909118652344,96.42411041259766,107.71461486816406,97.5354995727539,81.1896743774414
2024-09-06,89.49118041992188,108.92610168457031,117.72472381591797,96.5615463256836,107.89110565185547,97.52570343017578,81.33673858642578
2024-09-09,89.49118041992188,109.17479705810547,117.77391815185547,96.69898986816406,108.18528747558594,97.94690704345703,81.34654998779297
2024-09-10,89.52051544189453,109.41357421875,118.12808990478516,97.1113052368164,108.87166595458984,98.63261413574219,81.46417999267578
2024-09-11,89.52051544189453,109.48322296142578,118.01001739501953,97.04258728027344,108.78341674804688,98.55424499511719,81.39556121826172
2024-09-12,89.53028869628906,109.50310516357422,117.91165161132812,96.8855209350586,108.40100860595703,98.09385681152344,81.40535736083984
2024-09-13,89.57917022705078,109.87120056152344,118.13792419433594,97.07203674316406,108.6951675415039,98.35832977294922,81.52301788330078
2024-09-16,89.5987319946289,110.2492446899414,118.2854995727539,97.3272933959961,109.45020294189453,99.2595443725586,81.5720443725586
2024-09-17,89.60850524902344,110.20944213867188,118.15760040283203,97.15058135986328,109.01875305175781,98.77954864501953,81.51319885253906
2024-09-18,89.6280517578125,109.80155944824219,117.90180206298828,96.72844696044922,108.02838134765625,97.5550765991211,81.48379516601562
2024-09-19,89.64762115478516,110.1298599243164,117.91165161132812,96.64990234375,107.832275390625,97.2318344116211,81.55242919921875
2024-09-20,89.68672943115234,109.98063659667969,117.93132781982422,96.62045288085938,107.76364135742188,96.8595962524414,81.58183288574219
2024-09-23,89.69650268554688,109.9905776977539,117.8722915649414,96.5615463256836,107.5969467163086,96.65389251708984,81.58183288574219
2024-09-24,89.70628356933594,110.25919342041016,118.03954315185547,96.66954040527344,107.58715057373047,96.6343002319336,81.6602783203125
2024-09-25,89.72583770751953,109.84135437011719,117.80341339111328,96.27685546875,106.91055297851562,95.83104705810547,81.5916519165039
2024-09-26,89.72583770751953,109.70207214355469,117.64601135253906,96.20813751220703,106.80268859863281,96.05634307861328,81.51319885253906
2024-09-27,89.75517272949219,109.97068786621094,117.98051452636719,96.59100341796875,107.60675048828125,96.55592346191406,81.64066314697266
2024-09-30,89.76493835449219,109.90105438232422,117.67552185058594,96.3259506225586,107.20471954345703,96.09552001953125,81.52301788330078
2024-10-01,89.78556060791016,110.26158142089844,117.92706298828125,96.67645263671875,107.81269836425781,96.78933715820312,81.57514953613281
2024-10-02,89.79537963867188,110.16197967529297,117.77910614013672,96.40076446533203,107.17324829101562,95.97367858886719,81.55548095703125
2024-10-03,89.81501007080078,109.69388580322266,117.39440155029297,95.9084701538086,106.35669708251953,95.06954956054688,81.44728088378906
2024-10-04,89.83464050292969,108.9469223022461,116.50662231445312,94.98296356201172,105.1269760131836,93.90010833740234,81.17183685302734
2024-10-07,89.85427856445312,108.82740783691406,116.2501449584961,94.63835906982422,104.50718688964844,93.19254302978516,81.06365203857422
2024-10-08,89.85427856445312,109.00668334960938,116.33892059326172,94.71711730957031,104.62523651123047,93.34977722167969,81.13250732421875
2024-10-09,89.86409759521484,108.80748748779297,116.07257843017578,94.3626708984375,104.03496551513672,92.819091796875,81.0538101196289
2024-10-10,89.87391662597656,109.02660369873047,116.15149688720703,94.35283660888672,103.78903198242188,92.45549774169922,81.1226577758789
2024-10-11,89.9229965209961,109.03656768798828,116.24028015136719,94.38237762451172,103.6316146850586,92.08204650878906,81.19152069091797
2024-10-14,89.91317749023438,108.92700958251953,116.08245086669922,94.2149887084961,103.48406219482422,92.15084075927734,81.15217590332031
2024-10-15,89.942626953125,109.04652404785156,116.38823699951172,94.69744110107422,104.55638122558594,93.27116394042969,81.19152069091797
2024-10-16,89.942626953125,109.06644439697266,116.48687744140625,94.84512329101562,104.79248046875,93.66425323486328,81.2406997680664
2024-10-17,89.96226501464844,108.73777770996094,116.19096374511719,94.35283660888672,103.58243560791016,92.18032836914062,81.17183685302734
2024-10-18,89.99170684814453,108.91704559326172,116.32905578613281,94.46114349365234,103.72016143798828,92.24911499023438,81.2406997680664
2024-10-21,90.0113525390625,108.13024139404297,115.82597351074219,93.73253631591797,102.25433349609375,90.63744354248047,81.1226577758789
2024-10-22,90.02116394042969,108.2796401977539,115.75694274902344,93.64393615722656,102.21498107910156,90.72587585449219,81.11283111572266
2024-10-23,90.02116394042969,108.0107192993164,115.54978942871094,93.42731475830078,101.89031982421875,90.48019409179688,81.06365203857422
2024-10-24,90.0309829711914,108.12028503417969,115.65828704833984,93.63407897949219,102.39205932617188,91.06000518798828,81.10298919677734
2024-10-25,90.07025146484375,107.83146667480469,115.53990936279297,93.42731475830078,101.92967987060547,90.54898834228516,81.07347869873047
2024-10-28,90.07025146484375,107.62230682373047,115.35250091552734,93.21070861816406,101.57550811767578,90.30330657958984,81.03412628173828
2024-10-29,90.08988952636719,107.78166198730469,115.40180969238281,93.25009155273438,101.62471771240234,90.44087982177734,81.06365203857422
2024-10-30,90.0997085571289,107.99080657958984,115.17494201660156,93.11225128173828,101.74275207519531,90.70622253417969,80.99478149414062
2024-10-31,90.11933898925781,107.87129211425781,115.17494201660156,93.0630111694336,101.91983795166016,90.8536376953125,81.01446533203125
2024-11-01,90.15776824951172,107.41178894042969,114.85842895507812,92.51191711425781,100.56820678710938,89.57275390625,80.9878158569336
2024-11-04,90.17747497558594,107.5912094116211,115.19473266601562,93.00574493408203,101.91095733642578,90.96308135986328,81.04704284667969
2024-11-05,90.17747497558594,107.69087982177734,115.12548828125,93.05512237548828,102.25652313232422,91.44624328613281,81.02729034423828
2024-11-06,90.19719696044922,107.52143096923828,114.55178833007812,92.09711456298828,100.30162811279297,88.94168090820312,80.92858123779297
2024-11-07,90.20704650878906,107.9201431274414,115.12548828125,92.83783721923828,101.34819030761719,90.05591583251953,81.0667724609375
2024-11-08,90.2563247680664,108.21916961669922,115.08592224121094,93.03536987304688,102.25652313232422,91.1997299194336,81.00756072998047
2024-11-11,90.24646759033203,107.8603286743164,114.83863830566406,92.7785873413086,101.9405746459961,90.75601196289062,80.94833374023438
2024-11-12,90.2563247680664,107.29217529296875,114.4825439453125,92.19587707519531,100.62744903564453,89.39527130126953,80.86936950683594
2024-11-13,90.27603912353516,107.09281921386719,114.62103271484375,92.1366195678711,100.24238586425781,88.5472640991211,80.9878158569336
2024-11-14,90.27603912353516,107.07288360595703,114.4627685546875,92.12674713134766,100.56820678710938,89.06001281738281,80.86936950683594
2024-11-15,90.30560302734375,107.102783203125,114.61112976074219,92.16624450683594,100.41024017333984,88.8233642578125,80.95819854736328
2024-11-18,90.31546020507812,107.36195373535156,114.76939392089844,92.37364959716797,100.62744903564453,88.98113250732422,81.01742553710938
2024-11-19,90.34501647949219,107.53140258789062,114.89798736572266,92.57117462158203,101.03224182128906,89.43470764160156,81.01742553710938
2024-11-20,90.3548812866211,107.48155975341797,114.77928924560547,92.43290710449219,100.77555084228516,89.14876556396484,80.97794342041016
2024-11-21,90.36473846435547,107.3420181274414,114.70015716552734,92.38352966308594,100.64720153808594,89.07971954345703,80.95819854736328
2024-11-22,90.39430236816406,107.4217529296875,114.70015716552734,92.44278717041016,100.69654846191406,89.12903594970703,80.94833374023438
2024-11-25,90.40415954589844,108.00984954833984,115.37277221679688,93.4403076171875,102.67118835449219,91.43639373779297,81.10626983642578
2024-11-26,90.40415954589844,107.76065826416016,115.29364013671875,93.24278259277344,102.36511993408203,91.0814208984375,81.10626983642578
2024-11-27,90.43372344970703,108.09954833984375,115.59038543701172,93.61808013916016,103.00688934326172,91.71248626708984,81.1556167602539
2024-11-29,90.45343780517578,108.40856170654297,115.8574447631836,94.01313018798828,103.70787811279297,92.65909576416016,81.25431060791016
2024-12-02,90.47816467285156,108.34864807128906,115.81876373291016,94.00521087646484,103.923828125,92.88172912597656,81.2493667602539
2024-12-03,90.49794006347656,108.39856719970703,115.70967102050781,93.73771667480469,103.23040771484375,92.08025360107422,81.25926971435547
2024-12-04,90.5078353881836,108.70811462402344,115.95761108398438,94.09436798095703,104.07241821289062,93.0697250366211,81.34839630126953
2024-12-05,90.5177230834961,108.57830047607422,115.9278564453125,94.08445739746094,104.23091125488281,93.25772094726562,81.34839630126953
2024-12-06,90.55729675292969,108.66816711425781,116.20555877685547,94.38165283203125,104.5181884765625,93.39625549316406,81.42761993408203
2024-12-09,90.56717681884766,108.46846008300781,116.01712036132812,94.05474090576172,103.83467102050781,92.53540802001953,81.39790344238281
2024-12-10,90.58696746826172,108.42852020263672,115.88819122314453,93.88632202148438,103.40870666503906,92.10004425048828,81.38800048828125
2024-12-11,90.59685516357422,108.26876068115234,115.7295150756836,93.60893249511719,102.66576385498047,91.22930145263672,81.36819458007812
2024-12-12,90.61664581298828,107.9192886352539,115.51131439208984,93.25228881835938,101.77423095703125,90.12109375,81.32858276367188
2024-12-13,90.64631652832031,107.6197280883789,115.23362731933594,92.81639862060547,100.96192932128906,89.20088958740234,81.28897857666016
2024-12-16,90.65620422363281,107.49990844726562,115.24353790283203,92.84612274169922,101.0708999633789,89.4680404663086,81.29887390136719
2024-12-17,90.66610717773438,107.43999481201172,115.24353790283203,92.84612274169922,101.12042999267578,89.68572998046875,81.30878448486328
2024-12-18,90.66610717773438,106.76000213623047,114.58711242675781,92.12848663330078,99.98310852050781,88.56427764892578,81.15972900390625
2024-12-19,90.67900848388672,106.33000183105469,114.50753784179688,91.71102142333984,99.048583984375,87.2232894897461,81.24915313720703
2024-12-20,90.71874237060547,106.54000091552734,114.7164077758789,92.0489730834961,99.4561996459961,87.7199478149414,81.25909423828125
2024-12-23,90.71874237060547,106.4000015258789,114.45781707763672,91.6414566040039,98.82987976074219,86.91535949707031,81.20941925048828
2024-12-24,90.73860931396484,106.63999938964844,114.50753784179688,91.69115447998047,99.06847381591797,87.28289031982422,81.24915313720703
2024-12-26,90.75847625732422,106.63999938964844,114.57715606689453,91.76072692871094,99.06847381591797,87.23323059082031,81.26903533935547
2024-12-27,90.79821014404297,106.37000274658203,114.47769927978516,91.52218627929688,98.46202850341797,86.51803588867188,81.28890228271484
2024-12-30,90.79821014404297,106.68000030517578,114.91532135009766,92.05890655517578,99.26730346679688,87.21336364746094,81.40814208984375
2024-12-31,90.81807708740234,106.55000305175781,114.92527770996094,91.88993072509766,98.95911407470703,86.74649810791016,81.45782470703125
2025-01-02,90.83793640136719,106.70999908447266,114.91532135009766,91.93964385986328,99.1380615234375,86.98490142822266,81.43795013427734
2025-01-03,90.8478775024414,106.48999786376953,114.7860336303711,91.79054260253906,98.88951873779297,86.70677185058594,81.43795013427734
2025-01-06,90.8578109741211,106.48999786376953,114.7860336303711,91.70109558105469,98.54157257080078,86.31937408447266,81.45782470703125
2025-01-07,90.87767028808594,106.31999969482422,114.53738403320312,91.28363037109375,97.69651794433594,85.34591674804688,81.40814208984375
2025-01-08,90.89753723144531,106.5999984741211,114.66667938232422,91.44266510009766,97.82576751708984,85.45518493652344,81.45782470703125
2025-01-10,90.92733764648438,106.22000122070312,114.05997467041016,90.7767333984375,97.090087890625,84.88899230957031,81.30877685546875
2025-01-13,90.9372787475586,106.22000122070312,113.95056915283203,90.61769104003906,96.83159637451172,84.85919952392578,81.32865142822266
2025-01-14,90.95713806152344,106.26000213623047,114.03013610839844,90.64751434326172,96.68247985839844,84.72013092041016,81.34852600097656
2025-01-15,90.96707153320312,107.0,114.7462387084961,91.60169982910156,98.16378021240234,86.18031311035156,81.52738189697266
2025-01-16,90.96707153320312,107.13999938964844,114.98494720458984,91.82036590576172,98.53162384033203,86.45843505859375,81.57705688476562
2025-01-17,91.01673889160156,107.18000030517578,114.93521118164062,91.88993072509766,98.6608657836914,86.60743713378906,81.55718994140625
2025-01-21,91.01673889160156,107.26000213623047,115.12419128417969,92.19806671142578,99.30706787109375,87.3822250366211,81.58699798583984
2025-01-22,91.0365982055664,107.13999938964844,114.92527770996094,91.95951080322266,98.98893737792969,86.92530059814453,81.56712341308594
2025-01-23,91.0365982055664,107.23999786376953,114.83575439453125,91.7209701538086,98.4819107055664,86.24984741210938,81.56712341308594
2025-01-24,91.07633972167969,107.43000030517578,115.02473449707031,91.90982055664062,98.80998992919922,86.6372299194336,81.61680603027344
2025-01-27,91.08626556396484,107.87999725341797,115.48223876953125,92.50618743896484,99.92345428466797,87.66035461425781,81.73604583740234
2025-01-28,91.08626556396484,107.94999694824219,115.50212860107422,92.51612854003906,99.79420471191406,87.60076141357422,81.75591278076172
2025-01-29,91.09619903564453,107.81999969482422,115.40267181396484,92.40679168701172,99.68485260009766,87.42195892333984,81.70623779296875
2025-01-30,91.10613250732422,107.93000030517578,115.54191589355469,92.60557556152344,100.06263732910156,87.74974822998047,81.75591278076172
2025-01-31,91.13593292236328,108.01000213623047,115.50212860107422,92.45648956298828,99.67491912841797,87.17362976074219,81.7658462524414
2025-02-03,91.16184997558594,108.26000213623047,115.45126342773438,92.52230072021484,100.12285614013672,87.8833999633789,81.70902252197266
2025-02-04,91.16184997558594,108.44000244140625,115.63079833984375,92.75163269042969,100.3922119140625,88.15254974365234,81.78878021240234
2025-02-05,91.17182159423828,108.91999816894531,115.96991729736328,93.29006958007812,101.67916107177734,89.60796356201172,81.838623046875
2025-02-06,91.19175720214844,108.7300033569336,115.8602066040039,93.18038940429688,101.68914031982422,89.5680923461914,81.8087158203125
2025-02-07,91.2116928100586,108.44000244140625,115.58092498779297,92.87128448486328,101.19032287597656,88.98990631103516,81.718994140625
2025-02-10,91.22166442871094,108.48999786376953,115.59090423583984,92.85134887695312,101.00077056884766,88.72075653076172,81.75887298583984
2025-02-11,91.23162841796875,108.45999908447266,115.48118591308594,92.6120376586914,100.46204376220703,88.15254974365234,81.73892974853516
2025-02-12,91.2416000366211,107.80999755859375,114.98247528076172,91.97388458251953,99.29481506347656,86.95631408691406,81.62926483154297
2025-02-13,91.26154327392578,108.41000366210938,115.41136169433594,92.66189575195312,100.57178497314453,88.40176391601562,81.73892974853516
2025-02-14,91.29144287109375,108.61000061035156,115.74051666259766,93.05076599121094,101.160400390625,88.87029266357422,81.84859466552734
2025-02-18,91.3113784790039,108.26000213623047,115.43132019042969,92.55220794677734,100.27249908447266,87.8235855102539,81.77880859375
2025-02-19,91.32135009765625,108.4800033569336,115.62081909179688,92.7017822265625,100.37226104736328,87.93323516845703,81.838623046875
2025-02-20,91.3412857055664,108.69999694824219,115.74051666259766,92.8912353515625,100.6915054321289,88.26220703125,81.84859466552734
2025-02-21,91.3711929321289,108.91999816894531,116.15943145751953,93.43964385986328,101.68914031982422,89.32884979248047,81.98816680908203
2025-02-24,91.38115692138672,109.16000366210938,116.32898712158203,93.63906860351562,101.90862274169922,89.5880355834961,82.04798126220703
2025-02-25,91.38115692138672,109.62000274658203,116.86759948730469,94.3769302368164,103.24545288085938,91.13316345214844,82.15764617919922
2025-02-26,91.4011001586914,109.70999908447266,117.06708526611328,94.63618469238281,103.7043685913086,91.67147064208984,82.18755340576172
2025-02-27,91.41106414794922,109.58000183105469,117.0571060180664,94.52650451660156,103.39510345458984,91.02350616455078,82.21746063232422
2025-02-28,91.43099975585938,110.33999633789062,117.48600006103516,95.04499816894531,104.28299713134766,92.13999938964844,82.36700439453125
2025-03-03,91.44999694824219,110.63999938964844,117.72000122070312,95.38999938964844,104.79000091552734,92.56999969482422,82.41999816894531
2025-03-04,91.44999694824219,110.25,117.61000061035156,95.08999633789062,103.91000366210938,91.43000030517578,82.43000030517578
2025-03-05,91.45999908447266,109.69000244140625,117.18000030517578,94.55999755859375,103.12999725341797,90.69999694824219,82.33999633789062
2025-03-06,91.47000122070312,109.63999938964844,117.2300033569336,94.51000213623047,102.87000274658203,90.4000015258789,82.38999938964844
2025-03-07,91.51000213623047,109.45999908447266,117.1500015258789,94.38999938964844,102.61000061035156,90.11000061035156,82.37999725341797
